direction,entry_time,entry_price,sl_price,tp_price,sl_distance,risk_amount,macd_line,macd_sig,exit_price,exit_time,result,pnl,capital,year
BUY,2021-01-04 16:30:00,1941.92,1936.66,1947.18,5.26,300.0,4.952,4.3207,1936.66,2021-01-04 17:00:00,SL,-300.0,9700.0,2021
SELL,2021-01-06 04:45:00,1944.03,1949.94,1938.12,5.91,291.0,-0.9009,0.0253,1949.94,2021-01-06 10:00:00,SL,-291.0,9409.0,2021
BUY,2021-01-13 03:15:00,1859.84,1854.61,1865.07,5.23,282.27,3.0638,2.986,1854.61,2021-01-13 10:30:00,SL,-282.27,9126.73,2021
BUY,2021-01-18 15:45:00,1835.25,1832.82,1837.68,2.43,273.8,0.6685,0.6115,1837.68,2021-01-18 16:00:00,TP,273.8,9400.53,2021
BUY,2021-01-19 08:45:00,1840.78,1837.34,1844.22,3.44,282.02,0.4497,0.4105,1844.22,2021-01-19 10:15:00,TP,282.02,9682.55,2021
SELL,2021-01-19 21:15:00,1838.93,1841.36,1836.5,2.43,290.48,0.0964,0.2809,1841.36,2021-01-20 01:00:00,SL,-290.48,9392.07,2021
BUY,2021-01-20 02:00:00,1842.28,1839.42,1845.14,2.86,281.76,0.3771,0.046,1845.14,2021-01-20 03:00:00,TP,281.76,9673.83,2021
SELL,2021-01-21 14:45:00,1867.21,1872.41,1862.01,5.2,290.21,-0.2191,0.1657,1862.01,2021-01-21 15:45:00,TP,290.21,9964.04,2021
SELL,2021-01-21 17:45:00,1864.06,1867.07,1861.05,3.01,298.92,-2.0667,-1.8483,1867.07,2021-01-21 20:45:00,SL,-298.92,9665.12,2021
SELL,2021-01-25 07:30:00,1851.73,1856.59,1846.87,4.86,289.95,-0.5974,-0.3142,1856.59,2021-01-25 12:30:00,SL,-289.95,9375.17,2021
BUY,2021-01-25 15:00:00,1865.08,1861.26,1868.9,3.82,281.26,3.7365,3.1019,1861.26,2021-01-25 16:30:00,SL,-281.26,9093.91,2021
BUY,2021-01-26 01:15:00,1856.85,1854.38,1859.32,2.47,272.82,-0.4679,-0.7582,1854.38,2021-01-26 02:00:00,SL,-272.82,8821.09,2021
SELL,2021-01-26 09:15:00,1853.82,1855.9,1851.74,2.08,264.63,-0.9313,-0.2461,1851.74,2021-01-26 09:30:00,TP,264.63,9085.72,2021
BUY,2021-01-27 07:30:00,1849.79,1845.78,1853.8,4.01,272.57,-0.8215,-1.4435,1845.78,2021-01-27 10:15:00,SL,-272.57,8813.15,2021
BUY,2021-01-27 20:15:00,1846.21,1844.11,1848.31,2.1,264.39,0.629,0.4906,1848.31,2021-01-27 21:00:00,TP,264.39,9077.54,2021
SELL,2021-01-29 22:00:00,1848.5,1851.41,1845.59,2.91,272.33,-3.337,-2.5933,1845.59,2021-01-29 22:45:00,TP,272.33,9349.87,2021
BUY,2021-02-01 16:30:00,1868.15,1861.47,1874.83,6.68,280.5,1.8121,1.2668,1861.47,2021-02-01 17:30:00,SL,-280.5,9069.37,2021
SELL,2021-02-03 07:30:00,1838.86,1842.8,1834.92,3.94,272.08,0.5587,0.9825,1834.92,2021-02-03 09:45:00,TP,272.08,9341.45,2021
BUY,2021-02-03 15:15:00,1839.73,1835.83,1843.63,3.9,280.24,0.3077,-0.5625,1835.83,2021-02-03 16:30:00,SL,-280.24,9061.21,2021
SELL,2021-02-10 03:00:00,1835.03,1837.62,1832.44,2.59,271.84,-0.8092,-0.7168,1837.62,2021-02-10 03:45:00,SL,-271.84,8789.37,2021
SELL,2021-02-11 02:30:00,1840.64,1842.18,1839.1,1.54,263.68,-0.2735,-0.0005,1839.1,2021-02-11 03:30:00,TP,263.68,9053.05,2021
BUY,2021-02-11 14:15:00,1843.46,1840.77,1846.15,2.69,271.59,0.6835,0.6802,1846.15,2021-02-11 15:15:00,TP,271.59,9324.64,2021
SELL,2021-02-12 15:00:00,1815.37,1819.27,1811.47,3.9,279.74,-1.2476,-1.1512,1811.47,2021-02-12 15:30:00,TP,279.74,9604.38,2021
BUY,2021-02-24 13:15:00,1809.13,1806.46,1811.8,2.67,288.13,-0.1775,-0.6471,1806.46,2021-02-24 14:45:00,SL,-288.13,9316.25,2021
SELL,2021-02-25 22:45:00,1769.6,1773.48,1765.72,3.88,279.49,-4.0441,-3.8354,1773.48,2021-02-25 23:15:00,SL,-279.49,9036.76,2021
BUY,2021-03-02 13:00:00,1733.02,1726.78,1739.26,6.24,271.1,3.9948,2.3252,1726.78,2021-03-02 15:30:00,SL,-271.1,8765.66,2021
SELL,2021-03-03 08:00:00,1731.9,1734.13,1729.67,2.23,262.97,-0.3935,0.018,1734.13,2021-03-03 09:15:00,SL,-262.97,8502.69,2021
BUY,2021-03-05 09:00:00,1699.45,1694.94,1703.96,4.51,255.08,0.5145,-0.6354,1694.94,2021-03-05 10:00:00,SL,-255.08,8247.61,2021
BUY,2021-03-05 14:45:00,1698.69,1694.48,1702.9,4.21,247.43,0.6747,0.0717,1694.48,2021-03-05 15:30:00,SL,-247.43,8000.18,2021
SELL,2021-03-08 10:15:00,1696.61,1700.66,1692.56,4.05,240.01,-2.8188,-1.3113,1692.56,2021-03-08 10:45:00,TP,240.01,8240.19,2021
BUY,2021-03-09 05:00:00,1690.12,1686.29,1693.95,3.83,247.21,1.4227,0.3584,1693.95,2021-03-09 08:45:00,TP,247.21,8487.4,2021
BUY,2021-03-10 20:00:00,1720.75,1716.24,1725.26,4.51,254.62,1.8789,1.6713,1725.26,2021-03-10 21:00:00,TP,254.62,8742.02,2021
BUY,2021-03-12 03:00:00,1725.75,1723.3,1728.2,2.45,262.26,-0.2634,-0.8739,1723.3,2021-03-12 04:00:00,SL,-262.26,8479.76,2021
SELL,2021-03-12 07:30:00,1718.12,1719.69,1716.55,1.57,254.39,-2.1137,-2.0166,1716.55,2021-03-12 07:45:00,TP,254.39,8734.15,2021
BUY,2021-03-15 20:00:00,1730.96,1729.26,1732.66,1.7,262.02,0.4574,0.2005,1729.26,2021-03-15 20:45:00,SL,-262.02,8472.13,2021
BUY,2021-03-16 03:00:00,1732.64,1729.55,1735.73,3.09,254.16,0.6642,0.6447,1735.73,2021-03-16 07:30:00,TP,254.16,8726.29,2021
SELL,2021-03-23 02:15:00,1737.46,1740.49,1734.43,3.03,261.79,0.3882,0.6911,1734.43,2021-03-23 03:15:00,TP,261.79,8988.08,2021
BUY,2021-03-23 08:15:00,1738.67,1736.76,1740.58,1.91,269.64,0.397,-0.2959,1736.76,2021-03-23 09:45:00,SL,-269.64,8718.44,2021
SELL,2021-03-24 09:00:00,1729.65,1732.14,1727.16,2.49,261.55,0.2649,0.8082,1727.16,2021-03-24 09:30:00,TP,261.55,8979.99,2021
SELL,2021-03-25 18:30:00,1728.99,1732.55,1725.43,3.56,269.4,-0.737,0.4125,1725.43,2021-03-25 19:00:00,TP,269.4,9249.39,2021
SELL,2021-03-25 22:45:00,1726.98,1728.03,1725.93,1.05,277.48,-1.9198,-1.8386,1728.03,2021-03-26 00:00:00,SL,-277.48,8971.91,2021
SELL,2021-03-30 10:15:00,1701.22,1705.06,1697.38,3.84,269.16,-2.5169,-2.0893,1697.38,2021-03-30 10:30:00,TP,269.16,9241.07,2021
BUY,2021-03-31 11:45:00,1685.99,1682.61,1689.37,3.38,277.23,1.0243,0.8393,1682.61,2021-03-31 15:15:00,SL,-277.23,8963.84,2021
BUY,2021-04-05 10:00:00,1727.12,1724.71,1729.53,2.41,268.92,-0.3362,-0.7872,1724.71,2021-04-05 12:00:00,SL,-268.92,8694.92,2021
BUY,2021-04-06 14:45:00,1736.26,1733.63,1738.89,2.63,260.85,0.8039,0.1428,1738.89,2021-04-06 15:30:00,TP,260.85,8955.77,2021
SELL,2021-04-07 13:15:00,1736.45,1739.22,1733.68,2.77,268.67,-0.7313,-0.5665,1733.68,2021-04-07 15:00:00,TP,268.67,9224.44,2021
BUY,2021-04-07 20:00:00,1741.71,1739.9,1743.52,1.81,276.73,1.3472,1.1813,1739.9,2021-04-07 20:30:00,SL,-276.73,8947.71,2021
SELL,2021-04-09 08:00:00,1751.31,1752.69,1749.93,1.38,268.43,-1.0476,-0.7137,1749.93,2021-04-09 08:30:00,TP,268.43,9216.14,2021
BUY,2021-04-19 03:00:00,1777.8,1776.33,1779.27,1.47,276.48,0.1976,0.0451,1779.27,2021-04-19 03:15:00,TP,276.48,9492.62,2021
SELL,2021-04-20 09:15:00,1769.57,1772.18,1766.96,2.61,284.78,-0.2377,-0.0023,1772.18,2021-04-20 10:30:00,SL,-284.78,9207.84,2021
BUY,2021-04-21 05:45:00,1782.71,1780.06,1785.36,2.65,276.24,1.6281,1.2122,1785.36,2021-04-21 08:45:00,TP,276.24,9484.08,2021
BUY,2021-04-21 15:15:00,1785.06,1781.81,1788.31,3.25,284.52,0.6599,-0.0817,1788.31,2021-04-21 16:30:00,TP,284.52,9768.6,2021
SELL,2021-04-22 08:30:00,1791.37,1794.71,1788.03,3.34,293.06,-0.4015,-0.0792,1788.03,2021-04-22 12:15:00,TP,293.06,10061.66,2021
SELL,2021-04-22 14:45:00,1786.21,1789.06,1783.36,2.85,301.85,-1.992,-1.851,1783.36,2021-04-22 15:00:00,TP,301.85,10363.51,2021
SELL,2021-04-27 04:00:00,1779.42,1784.05,1774.79,4.63,310.91,0.3347,0.6302,1774.79,2021-04-27 04:45:00,TP,310.91,10674.42,2021
BUY,2021-04-27 06:45:00,1779.78,1777.76,1781.8,2.02,320.23,-0.6569,-0.8541,1781.8,2021-04-27 08:30:00,TP,320.23,10994.65,2021
BUY,2021-05-10 12:30:00,1836.9,1834.63,1839.17,2.27,329.84,1.0001,0.995,1839.17,2021-05-10 13:15:00,TP,329.84,11324.49,2021
BUY,2021-05-10 14:30:00,1840.79,1837.17,1844.41,3.62,339.73,1.9046,1.5386,1844.41,2021-05-10 16:00:00,TP,339.73,11664.22,2021
SELL,2021-05-10 21:30:00,1834.57,1837.86,1831.28,3.29,349.93,-1.0364,-0.4306,1837.86,2021-05-10 22:45:00,SL,-349.93,11314.29,2021
BUY,2021-05-13 15:30:00,1820.61,1813.72,1827.5,6.89,339.43,-0.1357,-1.2152,1827.5,2021-05-13 19:45:00,TP,339.43,11653.72,2021
BUY,2021-05-14 08:30:00,1825.34,1822.45,1828.23,2.89,349.61,-0.1432,-0.5232,1828.23,2021-05-14 09:15:00,TP,349.61,12003.33,2021
SELL,2021-05-18 14:00:00,1866.79,1869.15,1864.43,2.36,360.1,-0.4373,-0.1101,1869.15,2021-05-18 14:30:00,SL,-360.1,11643.23,2021
SELL,2021-05-19 04:00:00,1868.27,1871.51,1865.03,3.24,349.3,0.2665,0.4068,1865.03,2021-05-19 05:00:00,TP,349.3,11992.53,2021
BUY,2021-05-21 15:00:00,1880.34,1877.7,1882.98,2.64,359.78,1.5621,1.3752,1882.98,2021-05-21 15:15:00,TP,359.78,12352.31,2021
BUY,2021-05-24 04:00:00,1885.07,1879.81,1890.33,5.26,370.57,1.8174,1.6524,1879.81,2021-05-24 11:30:00,SL,-370.57,11981.74,2021
BUY,2021-05-24 16:30:00,1883.55,1877.97,1889.13,5.58,359.45,-0.0401,-0.2687,1877.97,2021-05-24 17:00:00,SL,-359.45,11622.29,2021
SELL,2021-05-25 04:00:00,1877.11,1879.99,1874.23,2.88,348.67,-1.8669,-1.59,1874.23,2021-05-25 04:15:00,TP,348.67,11970.96,2021
BUY,2021-05-26 15:15:00,1910.28,1904.55,1916.01,5.73,359.13,0.9382,0.9052,1904.55,2021-05-26 16:00:00,SL,-359.13,11611.83,2021
SELL,2021-05-27 04:00:00,1892.71,1895.79,1889.63,3.08,348.35,-1.789,-1.6732,1895.79,2021-05-27 04:30:00,SL,-348.35,11263.48,2021
SELL,2021-05-27 14:00:00,1894.76,1896.82,1892.7,2.06,337.9,-0.9343,-0.5268,1892.7,2021-05-27 14:30:00,TP,337.9,11601.38,2021
SELL,2021-05-28 05:45:00,1893.16,1895.89,1890.43,2.73,348.04,-0.6503,-0.1593,1890.43,2021-05-28 08:15:00,TP,348.04,11949.42,2021
BUY,2021-06-02 20:15:00,1907.52,1905.49,1909.55,2.03,358.48,2.3188,2.2109,1909.55,2021-06-03 02:30:00,TP,358.48,12307.9,2021
SELL,2021-06-07 07:00:00,1885.9,1887.56,1884.24,1.66,369.24,-0.9919,-0.7185,1884.24,2021-06-07 08:45:00,TP,369.24,12677.14,2021
BUY,2021-06-09 03:00:00,1894.55,1893.16,1895.94,1.39,380.31,0.1448,-0.099,1895.94,2021-06-09 04:00:00,TP,380.31,13057.45,2021
BUY,2021-06-09 15:15:00,1893.16,1888.77,1897.55,4.39,391.72,-0.1583,-0.7705,1897.55,2021-06-09 16:30:00,TP,391.72,13449.17,2021
SELL,2021-06-10 03:00:00,1886.77,1889.35,1884.19,2.58,403.48,-1.1444,-1.012,1884.19,2021-06-10 08:30:00,TP,403.48,13852.65,2021
BUY,2021-06-15 02:30:00,1867.47,1865.81,1869.13,1.66,415.58,1.7829,1.7367,1865.81,2021-06-15 03:00:00,SL,-415.58,13437.07,2021
SELL,2021-06-15 04:00:00,1861.58,1867.86,1855.3,6.28,403.11,0.6905,1.3956,1867.86,2021-06-15 09:00:00,SL,-403.11,13033.96,2021
BUY,2021-06-25 05:00:00,1779.18,1777.1,1781.26,2.08,391.02,0.2721,-0.521,1777.1,2021-06-25 06:00:00,SL,-391.02,12642.94,2021
BUY,2021-07-06 03:00:00,1792.48,1790.96,1794.0,1.52,379.29,0.3923,0.3366,1790.96,2021-07-06 04:00:00,SL,-379.29,12263.65,2021
SELL,2021-07-08 04:00:00,1802.59,1804.98,1800.2,2.39,367.91,-0.0404,0.0936,1800.2,2021-07-08 04:30:00,TP,367.91,12631.56,2021
SELL,2021-07-12 09:00:00,1800.01,1802.48,1797.54,2.47,378.95,-2.2946,-1.9533,1802.48,2021-07-12 10:15:00,SL,-378.95,12252.61,2021
BUY,2021-07-13 04:15:00,1808.42,1806.75,1810.09,1.67,367.58,1.0856,1.0838,1810.09,2021-07-13 04:45:00,TP,367.58,12620.19,2021
SELL,2021-07-16 08:00:00,1825.68,1827.27,1824.09,1.59,378.61,-0.8071,-0.5417,1824.09,2021-07-16 09:00:00,TP,378.61,12998.8,2021
BUY,2021-07-16 16:30:00,1825.07,1821.67,1828.47,3.4,389.96,-0.2497,-1.2868,1821.67,2021-07-16 17:00:00,SL,-389.96,12608.84,2021
SELL,2021-07-19 08:30:00,1810.87,1813.22,1808.52,2.35,378.27,-0.6579,-0.3364,1808.52,2021-07-19 09:00:00,TP,378.27,12987.11,2021
BUY,2021-07-21 09:00:00,1812.28,1807.87,1816.69,4.41,389.61,0.2309,-0.4204,1807.87,2021-07-21 10:30:00,SL,-389.61,12597.5,2021
SELL,2021-07-22 02:00:00,1803.09,1803.86,1802.32,0.77,377.92,-0.0219,0.0701,1802.32,2021-07-22 02:45:00,TP,377.92,12975.42,2021
SELL,2021-07-23 05:30:00,1803.05,1804.77,1801.33,1.72,389.26,-0.7051,0.0886,1804.77,2021-07-23 08:30:00,SL,-389.26,12586.16,2021
SELL,2021-07-23 12:15:00,1802.53,1805.26,1799.8,2.73,377.58,-0.1603,0.3995,1799.8,2021-07-23 13:00:00,TP,377.58,12963.74,2021
SELL,2021-07-27 17:15:00,1796.28,1803.18,1789.38,6.9,388.91,1.0905,1.5466,1803.18,2021-07-28 04:15:00,SL,-388.91,12574.83,2021
SELL,2021-07-30 15:30:00,1826.33,1829.79,1822.87,3.46,377.24,-0.4402,-0.2153,1822.87,2021-07-30 15:45:00,TP,377.24,12952.07,2021
SELL,2021-08-03 01:45:00,1812.9,1813.35,1812.45,0.45,388.56,-0.2316,0.1879,1812.45,2021-08-03 02:00:00,TP,388.56,13340.63,2021
SELL,2021-08-03 04:00:00,1810.53,1812.37,1808.69,1.84,400.22,-0.8504,-0.4713,1812.37,2021-08-03 04:45:00,SL,-400.22,12940.41,2021
SELL,2021-08-03 15:00:00,1808.62,1811.62,1805.62,3.0,388.21,-0.4233,-0.3291,1811.62,2021-08-03 15:45:00,SL,-388.21,12552.2,2021
SELL,2021-08-03 18:00:00,1808.85,1811.89,1805.81,3.04,376.57,0.0704,0.2398,1811.89,2021-08-04 04:45:00,SL,-376.57,12175.63,2021
BUY,2021-08-05 10:15:00,1811.83,1809.39,1814.27,2.44,365.27,-0.2643,-0.4693,1814.27,2021-08-05 10:45:00,TP,365.27,12540.9,2021
SELL,2021-08-06 04:00:00,1801.03,1802.35,1799.71,1.32,376.23,-1.4202,-1.1324,1799.71,2021-08-06 06:00:00,TP,376.23,12917.13,2021
BUY,2021-08-11 14:30:00,1737.87,1736.55,1739.19,1.32,387.51,2.0458,1.4302,1739.19,2021-08-11 15:00:00,TP,387.51,13304.64,2021
BUY,2021-08-17 10:00:00,1794.32,1790.78,1797.86,3.54,399.14,2.2895,1.4065,1790.78,2021-08-17 15:00:00,SL,-399.14,12905.5,2021
SELL,2021-08-17 15:30:00,1790.17,1794.57,1785.77,4.4,387.16,0.4597,1.3258,1785.77,2021-08-17 17:00:00,TP,387.16,13292.66,2021
BUY,2021-08-18 02:45:00,1786.16,1785.33,1786.99,0.83,398.78,0.1117,-0.21,1785.33,2021-08-18 03:00:00,SL,-398.78,12893.88,2021
BUY,2021-08-20 18:45:00,1784.87,1782.33,1787.41,2.54,386.82,-0.2732,-0.5642,1782.33,2021-08-20 20:15:00,SL,-386.82,12507.06,2021
SELL,2021-08-23 03:00:00,1777.71,1779.65,1775.77,1.94,375.21,-1.8772,-1.4776,1779.65,2021-08-23 03:30:00,SL,-375.21,12131.85,2021
SELL,2021-08-23 04:00:00,1777.36,1780.04,1774.68,2.68,363.96,-1.6758,-1.5951,1780.04,2021-08-23 04:45:00,SL,-363.96,11767.89,2021
BUY,2021-08-24 15:00:00,1806.49,1803.2,1809.78,3.29,353.04,1.0041,0.6212,1803.2,2021-08-24 15:15:00,SL,-353.04,11414.85,2021
BUY,2021-08-27 15:30:00,1798.01,1794.06,1801.96,3.95,342.45,-0.8235,-1.0666,1794.06,2021-08-27 16:00:00,SL,-342.45,11072.4,2021
BUY,2021-08-30 12:45:00,1815.95,1814.74,1817.16,1.21,332.17,-0.0845,-0.3788,1817.16,2021-08-30 14:15:00,TP,332.17,11404.57,2021
SELL,2021-08-30 16:45:00,1812.27,1815.6,1808.94,3.33,342.14,-0.6236,-0.0917,1815.6,2021-08-30 17:00:00,SL,-342.14,11062.43,2021
SELL,2021-08-31 15:15:00,1812.05,1814.03,1810.07,1.98,331.87,-0.7195,-0.2482,1810.07,2021-08-31 15:45:00,TP,331.87,11394.3,2021
BUY,2021-09-03 13:45:00,1813.52,1812.79,1814.25,0.73,341.83,0.4851,0.3691,1814.25,2021-09-03 14:00:00,TP,341.83,11736.13,2021
SELL,2021-09-06 08:30:00,1825.58,1826.99,1824.17,1.41,352.08,-0.5522,-0.4207,1826.99,2021-09-06 08:45:00,SL,-352.08,11384.05,2021
BUY,2021-09-07 03:00:00,1825.54,1823.23,1827.85,2.31,341.52,0.1657,-0.2977,1823.23,2021-09-07 06:30:00,SL,-341.52,11042.53,2021
BUY,2021-09-09 14:00:00,1796.93,1794.45,1799.41,2.48,331.28,2.2982,2.0211,1799.41,2021-09-09 14:15:00,TP,331.28,11373.81,2021
SELL,2021-09-10 04:00:00,1793.59,1796.97,1790.21,3.38,341.21,0.2712,0.3525,1796.97,2021-09-10 05:30:00,SL,-341.21,11032.6,2021
SELL,2021-09-10 15:30:00,1795.14,1800.27,1790.01,5.13,330.98,-0.9536,-0.7685,1790.01,2021-09-10 16:30:00,TP,330.98,11363.58,2021
BUY,2021-09-14 09:30:00,1793.26,1791.65,1794.87,1.61,340.91,0.3397,-0.004,1794.87,2021-09-14 10:15:00,TP,340.91,11704.49,2021
BUY,2021-09-21 15:15:00,1772.95,1766.67,1779.23,6.28,351.13,2.6267,1.7903,1779.23,2021-09-21 18:00:00,TP,351.13,12055.62,2021
SELL,2021-09-22 14:15:00,1773.45,1775.4,1771.5,1.95,361.67,-0.9354,-0.5437,1775.4,2021-09-22 16:30:00,SL,-361.67,11693.95,2021
SELL,2021-09-29 10:00:00,1737.73,1742.2,1733.26,4.47,350.82,0.8561,1.1507,1742.2,2021-09-29 11:45:00,SL,-350.82,11343.13,2021
SELL,2021-10-06 05:00:00,1755.89,1758.02,1753.76,2.13,340.29,-1.0084,-0.5473,1753.76,2021-10-06 07:00:00,TP,340.29,11683.42,2021
SELL,2021-10-07 23:30:00,1754.87,1758.04,1751.7,3.17,350.5,-1.4043,-1.2667,1758.04,2021-10-08 04:15:00,SL,-350.5,11332.92,2021
BUY,2021-10-11 04:00:00,1758.08,1755.24,1760.92,2.84,339.99,-0.7216,-1.3985,1760.92,2021-10-11 04:30:00,TP,339.99,11672.91,2021
SELL,2021-10-11 08:30:00,1755.47,1757.8,1753.14,2.33,350.19,-0.4946,-0.2901,1753.14,2021-10-11 11:45:00,TP,350.19,12023.1,2021
BUY,2021-10-12 04:00:00,1755.64,1750.8,1760.48,4.84,360.69,-0.7458,-0.9023,1760.48,2021-10-12 08:30:00,TP,360.69,12383.79,2021
SELL,2021-10-12 15:15:00,1757.89,1763.36,1752.42,5.47,371.51,0.9682,1.2066,1763.36,2021-10-12 16:45:00,SL,-371.51,12012.28,2021
BUY,2021-10-14 08:45:00,1791.38,1789.82,1792.94,1.56,360.37,0.2134,-0.1127,1792.94,2021-10-14 09:15:00,TP,360.37,12372.65,2021
SELL,2021-10-18 20:00:00,1765.04,1767.17,1762.91,2.13,371.18,0.2098,0.7713,1767.17,2021-10-18 20:45:00,SL,-371.18,12001.47,2021
BUY,2021-10-19 05:45:00,1774.12,1771.77,1776.47,2.35,360.04,2.7508,1.572,1776.47,2021-10-19 08:45:00,TP,360.04,12361.51,2021
BUY,2021-10-20 05:30:00,1772.75,1769.54,1775.96,3.21,370.85,0.4097,-0.1581,1775.96,2021-10-20 08:45:00,TP,370.85,12732.36,2021
BUY,2021-10-25 02:45:00,1794.38,1792.4,1796.36,1.98,381.97,-0.8139,-1.0678,1796.36,2021-10-25 03:45:00,TP,381.97,13114.33,2021
SELL,2021-10-27 12:15:00,1785.47,1788.53,1782.41,3.06,393.43,-1.3382,-1.2931,1788.53,2021-10-27 13:30:00,SL,-393.43,12720.9,2021
BUY,2021-10-27 15:00:00,1795.09,1789.14,1801.04,5.95,381.63,1.2069,0.0477,1789.14,2021-10-27 17:00:00,SL,-381.63,12339.27,2021
BUY,2021-10-29 10:00:00,1798.23,1793.01,1803.45,5.22,370.18,-0.8369,-1.1871,1793.01,2021-10-29 11:15:00,SL,-370.18,11969.09,2021
SELL,2021-11-01 09:45:00,1781.88,1785.66,1778.1,3.78,359.07,-0.0528,0.2992,1785.66,2021-11-01 11:30:00,SL,-359.07,11610.02,2021
BUY,2021-11-04 13:30:00,1781.61,1778.19,1785.03,3.42,348.3,1.9851,1.2989,1785.03,2021-11-04 14:15:00,TP,348.3,11958.32,2021
BUY,2021-11-05 03:45:00,1795.61,1793.39,1797.83,2.22,358.75,1.2992,0.7983,1793.39,2021-11-05 04:45:00,SL,-358.75,11599.57,2021
SELL,2021-11-05 14:30:00,1790.53,1797.35,1783.71,6.82,347.99,-1.0681,-0.5081,1797.35,2021-11-05 15:15:00,SL,-347.99,11251.58,2021
BUY,2021-11-09 07:30:00,1823.92,1823.23,1824.61,0.69,337.55,-0.1476,-0.2271,1824.61,2021-11-09 07:45:00,TP,337.55,11589.13,2021
SELL,2021-11-12 03:00:00,1859.21,1861.63,1856.79,2.42,347.67,-0.5295,-0.0153,1856.79,2021-11-12 04:30:00,TP,347.67,11936.8,2021
BUY,2021-11-17 20:00:00,1867.69,1863.85,1871.53,3.84,358.1,2.1377,2.0424,1863.85,2021-11-17 21:45:00,SL,-358.1,11578.7,2021
BUY,2021-11-18 09:30:00,1866.65,1863.2,1870.1,3.45,347.36,-0.6049,-0.6261,1863.2,2021-11-18 11:45:00,SL,-347.36,11231.34,2021
SELL,2021-11-19 10:15:00,1855.54,1859.41,1851.67,3.87,336.94,-1.5246,-0.7224,1851.67,2021-11-19 11:00:00,TP,336.94,11568.28,2021
SELL,2021-11-24 15:15:00,1783.13,1787.22,1779.04,4.09,347.05,-2.7801,-2.1003,1787.22,2021-11-24 15:30:00,SL,-347.05,11221.23,2021
BUY,2021-11-26 04:30:00,1793.52,1791.79,1795.25,1.73,336.64,0.7645,0.5986,1795.25,2021-11-26 05:00:00,TP,336.64,11557.87,2021
BUY,2021-11-30 07:00:00,1789.71,1787.93,1791.49,1.78,346.74,1.1059,1.0276,1791.49,2021-11-30 07:15:00,TP,346.74,11904.61,2021
BUY,2021-12-03 02:00:00,1770.22,1767.49,1772.95,2.73,357.14,0.4602,-0.2305,1772.95,2021-12-03 05:00:00,TP,357.14,12261.75,2021
SELL,2021-12-03 09:00:00,1771.03,1773.95,1768.11,2.92,367.85,0.827,1.3743,1768.11,2021-12-03 10:00:00,TP,367.85,12629.6,2021
BUY,2021-12-13 14:15:00,1789.59,1787.26,1791.92,2.33,378.89,1.1445,0.7238,1787.26,2021-12-13 15:00:00,SL,-378.89,12250.71,2021
SELL,2021-12-15 08:45:00,1768.27,1770.06,1766.48,1.79,367.52,-1.2673,-1.1007,1770.06,2021-12-15 11:15:00,SL,-367.52,11883.19,2021
SELL,2021-12-20 15:15:00,1794.6,1800.24,1788.96,5.64,356.5,-1.4409,-1.2746,1788.96,2021-12-20 22:00:00,TP,356.5,12239.69,2021
SELL,2021-12-28 17:30:00,1812.94,1815.44,1810.44,2.5,367.19,-0.4098,0.2559,1810.44,2021-12-28 18:00:00,TP,367.19,12606.88,2021
SELL,2021-12-28 22:30:00,1806.25,1807.35,1805.15,1.1,378.21,-2.7109,-2.5153,1805.15,2021-12-28 23:00:00,TP,378.21,12985.09,2021
SELL,2021-12-30 06:30:00,1800.89,1801.87,1799.91,0.98,389.55,-0.7396,-0.4097,1799.91,2021-12-30 07:00:00,TP,389.55,13374.64,2021
SELL,2022-01-04 14:00:00,1802.0,1805.07,1798.93,3.07,401.24,-0.5061,0.0258,1798.93,2022-01-04 14:15:00,TP,401.24,13775.88,2022
BUY,2022-01-05 15:15:00,1821.13,1815.02,1827.24,6.11,413.28,1.2617,1.1839,1827.24,2022-01-05 15:30:00,TP,413.28,14189.16,2022
SELL,2022-01-07 07:30:00,1791.58,1792.88,1790.28,1.3,425.67,0.5124,0.5581,1790.28,2022-01-07 08:00:00,TP,425.67,14614.83,2022
BUY,2022-01-10 12:00:00,1799.87,1796.54,1803.2,3.33,438.44,1.6685,0.8253,1796.54,2022-01-10 14:30:00,SL,-438.44,14176.39,2022
BUY,2022-01-11 03:00:00,1804.76,1802.01,1807.51,2.75,425.29,2.058,1.8911,1807.51,2022-01-11 05:15:00,TP,425.29,14601.68,2022
BUY,2022-01-12 15:30:00,1823.73,1817.33,1830.13,6.4,438.05,0.897,0.0653,1817.33,2022-01-13 17:15:00,SL,-438.05,14163.63,2022
SELL,2022-01-14 02:00:00,1820.22,1822.01,1818.43,1.79,424.91,0.0951,0.3262,1822.01,2022-01-14 03:00:00,SL,-424.91,13738.72,2022
BUY,2022-01-18 03:30:00,1821.62,1819.21,1824.03,2.41,412.16,0.3128,-0.0646,1819.21,2022-01-18 05:30:00,SL,-412.16,13326.56,2022
SELL,2022-01-18 09:00:00,1814.29,1818.02,1810.56,3.73,399.8,-1.3524,-1.0503,1810.56,2022-01-18 11:45:00,TP,399.8,13726.36,2022
SELL,2022-01-19 03:45:00,1812.3,1814.11,1810.49,1.81,411.79,-0.4245,-0.2583,1810.49,2022-01-19 05:15:00,TP,411.79,14138.15,2022
BUY,2022-01-19 16:30:00,1826.76,1822.47,1831.05,4.29,424.14,3.6014,2.717,1831.05,2022-01-19 17:00:00,TP,424.14,14562.29,2022
BUY,2022-01-19 19:00:00,1841.81,1839.18,1844.44,2.63,436.87,8.6533,7.3548,1839.18,2022-01-20 01:15:00,SL,-436.87,14125.42,2022
BUY,2022-01-21 07:30:00,1841.43,1839.99,1842.87,1.44,423.76,0.5964,0.478,1839.99,2022-01-21 08:30:00,SL,-423.76,13701.66,2022
SELL,2022-01-24 15:30:00,1837.94,1843.1,1832.78,5.16,411.05,0.2955,0.5083,1832.78,2022-01-24 16:30:00,TP,411.05,14112.71,2022
SELL,2022-01-25 10:15:00,1839.72,1843.22,1836.22,3.5,423.38,-0.1353,0.2002,1836.22,2022-01-25 12:30:00,TP,423.38,14536.09,2022
SELL,2022-02-01 16:30:00,1801.41,1806.02,1796.8,4.61,436.08,-0.008,0.8968,1806.02,2022-02-01 17:45:00,SL,-436.08,14100.01,2022
BUY,2022-02-07 18:15:00,1817.0,1814.29,1819.71,2.71,423.0,1.3456,1.1737,1819.71,2022-02-07 19:30:00,TP,423.0,14523.01,2022
BUY,2022-02-08 15:00:00,1819.82,1817.45,1822.19,2.37,435.69,-0.3822,-0.5406,1822.19,2022-02-08 15:30:00,TP,435.69,14958.7,2022
BUY,2022-02-11 14:00:00,1828.17,1825.68,1830.66,2.49,448.76,0.5603,0.2753,1830.66,2022-02-11 14:15:00,TP,448.76,15407.46,2022
BUY,2022-02-15 07:00:00,1878.57,1876.97,1880.17,1.6,462.22,3.2001,3.0516,1876.97,2022-02-15 07:30:00,SL,-462.22,14945.24,2022
BUY,2022-02-16 21:00:00,1871.16,1865.18,1877.14,5.98,448.36,4.3466,4.1352,1877.14,2022-02-17 08:15:00,TP,448.36,15393.6,2022
BUY,2022-02-21 13:30:00,1897.72,1895.88,1899.56,1.84,461.81,1.2266,0.721,1895.88,2022-02-21 13:45:00,SL,-461.81,14931.79,2022
SELL,2022-02-22 23:00:00,1899.59,1901.36,1897.82,1.77,447.95,-0.5159,0.0547,1897.82,2022-02-23 01:45:00,TP,447.95,15379.74,2022
BUY,2022-03-02 09:00:00,1941.01,1935.64,1946.38,5.37,461.39,0.4494,-0.1457,1946.38,2022-03-02 09:45:00,TP,461.39,15841.13,2022
BUY,2022-03-03 19:30:00,1931.86,1927.48,1936.24,4.38,475.23,-0.0847,-0.5524,1936.24,2022-03-03 22:00:00,TP,475.23,16316.36,2022
SELL,2022-03-04 07:30:00,1936.56,1940.29,1932.83,3.73,489.49,0.5341,1.0772,1940.29,2022-03-04 11:00:00,SL,-489.49,15826.87,2022
SELL,2022-03-07 15:00:00,1981.36,1987.87,1974.85,6.51,474.81,-2.1756,0.9041,1974.85,2022-03-07 15:15:00,TP,474.81,16301.68,2022
SELL,2022-03-15 14:15:00,1923.02,1928.74,1917.3,5.72,489.05,-4.3059,-4.1945,1917.3,2022-03-15 15:00:00,TP,489.05,16790.73,2022
BUY,2022-03-17 13:30:00,1946.35,1942.17,1950.53,4.18,503.72,4.3884,3.8826,1942.17,2022-03-17 13:45:00,SL,-503.72,16287.01,2022
SELL,2022-03-21 00:00:00,1919.01,1926.21,1911.81,7.2,488.61,-4.7258,-4.3157,1926.21,2022-03-21 03:30:00,SL,-488.61,15798.4,2022
BUY,2022-03-22 08:00:00,1938.34,1935.66,1941.02,2.68,473.95,1.3867,1.0256,1935.66,2022-03-22 08:30:00,SL,-473.95,15324.45,2022
SELL,2022-03-23 01:45:00,1919.67,1921.91,1917.43,2.24,459.73,-0.5438,-0.4925,1917.43,2022-03-23 02:30:00,TP,459.73,15784.18,2022
BUY,2022-03-23 10:30:00,1924.42,1920.46,1928.38,3.96,473.53,0.2306,-0.3977,1928.38,2022-03-23 11:30:00,TP,473.53,16257.71,2022
SELL,2022-03-29 14:30:00,1910.22,1915.02,1905.42,4.8,487.73,-3.9029,-3.8215,1905.42,2022-03-29 14:45:00,TP,487.73,16745.44,2022
BUY,2022-03-30 15:00:00,1927.27,1922.57,1931.97,4.7,502.36,0.8187,-0.1763,1931.97,2022-03-30 15:15:00,TP,502.36,17247.8,2022
SELL,2022-03-31 03:00:00,1930.45,1934.11,1926.79,3.66,517.43,0.1896,0.7032,1926.79,2022-03-31 04:30:00,TP,517.43,17765.23,2022
SELL,2022-04-07 07:15:00,1921.11,1923.56,1918.66,2.45,532.96,-0.8031,-0.4749,1923.56,2022-04-07 08:30:00,SL,-532.96,17232.27,2022
BUY,2022-04-18 01:00:00,1973.5,1971.66,1975.34,1.84,516.97,0.7028,0.4632,1975.34,2022-04-18 01:30:00,TP,516.97,17749.24,2022
BUY,2022-04-18 10:30:00,1991.25,1988.49,1994.01,2.76,532.48,3.1374,2.7583,1988.49,2022-04-18 13:30:00,SL,-532.48,17216.76,2022
SELL,2022-04-18 19:30:00,1987.37,1990.52,1984.22,3.15,516.5,-0.7932,-0.4613,1984.22,2022-04-18 20:15:00,TP,516.5,17733.26,2022
SELL,2022-04-21 14:30:00,1938.7,1944.18,1933.22,5.48,532.0,-3.6862,-2.9683,1944.18,2022-04-21 15:30:00,SL,-532.0,17201.26,2022
BUY,2022-04-29 04:00:00,1902.01,1896.74,1907.28,5.27,516.04,2.9538,2.3554,1907.28,2022-04-29 08:00:00,TP,516.04,17717.3,2022
SELL,2022-05-03 07:30:00,1861.04,1864.55,1857.53,3.51,531.52,-0.6129,-0.6123,1857.53,2022-05-03 08:00:00,TP,531.52,18248.82,2022
BUY,2022-05-04 12:30:00,1869.9,1866.9,1872.9,3.0,547.46,1.2547,1.185,1866.9,2022-05-04 13:45:00,SL,-547.46,17701.36,2022
SELL,2022-05-09 12:15:00,1863.55,1867.34,1859.76,3.79,531.04,-4.043,-3.4232,1859.76,2022-05-09 13:15:00,TP,531.04,18232.4,2022
BUY,2022-05-09 16:00:00,1869.52,1863.94,1875.1,5.58,546.97,-1.715,-3.5237,1863.94,2022-05-09 16:30:00,SL,-546.97,17685.43,2022
SELL,2022-05-12 14:30:00,1841.28,1848.27,1834.29,6.99,530.56,-2.2344,-1.494,1848.27,2022-05-12 16:15:00,SL,-530.56,17154.87,2022
SELL,2022-05-25 04:45:00,1861.43,1863.55,1859.31,2.12,514.65,-0.8019,0.078,1859.31,2022-05-25 08:30:00,TP,514.65,17669.52,2022
SELL,2022-05-25 11:15:00,1855.25,1860.11,1850.39,4.86,530.09,-2.209,-1.9226,1850.39,2022-05-25 16:00:00,TP,530.09,18199.61,2022
SELL,2022-05-26 03:00:00,1852.39,1854.37,1850.41,1.98,545.99,0.5624,0.7285,1850.41,2022-05-26 04:45:00,TP,545.99,18745.6,2022
SELL,2022-05-26 07:00:00,1850.36,1851.54,1849.18,1.18,562.37,-0.8115,-0.6136,1849.18,2022-05-26 07:15:00,TP,562.37,19307.97,2022
BUY,2022-05-26 19:45:00,1847.75,1846.1,1849.4,1.65,579.24,0.1692,0.1587,1849.4,2022-05-26 20:00:00,TP,579.24,19887.21,2022
SELL,2022-05-27 20:30:00,1852.37,1854.34,1850.4,1.97,596.62,-1.3373,-1.1191,1854.34,2022-05-27 22:00:00,SL,-596.62,19290.59,2022
BUY,2022-05-30 16:00:00,1857.5,1855.07,1859.93,2.43,578.72,-1.107,-1.1985,1859.93,2022-05-30 16:15:00,TP,578.72,19869.31,2022
SELL,2022-05-31 12:30:00,1850.18,1854.14,1846.22,3.96,596.08,-0.1102,0.5782,1846.22,2022-05-31 14:45:00,TP,596.08,20465.39,2022
BUY,2022-06-06 07:30:00,1856.3,1855.43,1857.17,0.87,613.96,1.3488,0.9159,1855.43,2022-06-06 07:45:00,SL,-613.96,19851.43,2022
SELL,2022-06-08 03:00:00,1850.41,1853.71,1847.11,3.3,595.54,0.4159,0.8519,1847.11,2022-06-08 06:30:00,TP,595.54,20446.97,2022
SELL,2022-06-09 14:45:00,1846.26,1849.96,1842.56,3.7,613.41,-1.4074,-1.2621,1849.96,2022-06-09 15:15:00,SL,-613.41,19833.56,2022
BUY,2022-06-10 10:15:00,1847.0,1843.84,1850.16,3.16,595.01,-0.2993,-0.6409,1843.84,2022-06-10 12:15:00,SL,-595.01,19238.55,2022
SELL,2022-06-10 14:15:00,1840.83,1843.49,1838.17,2.66,577.16,-1.245,-0.8965,1838.17,2022-06-10 14:30:00,TP,577.16,19815.71,2022
SELL,2022-06-24 16:45:00,1822.71,1827.36,1818.06,4.65,594.47,-0.5311,-0.401,1827.36,2022-06-24 17:00:00,SL,-594.47,19221.24,2022
BUY,2022-06-29 07:30:00,1822.21,1820.39,1824.03,1.82,576.64,0.3333,0.2108,1820.39,2022-06-29 09:00:00,SL,-576.64,18644.6,2022
SELL,2022-07-01 10:00:00,1794.14,1798.58,1789.7,4.44,559.34,-3.4373,-2.7845,1789.7,2022-07-01 13:45:00,TP,559.34,19203.94,2022
SELL,2022-07-04 12:30:00,1805.67,1808.74,1802.6,3.07,576.12,-1.1506,-0.4297,1808.74,2022-07-04 15:15:00,SL,-576.12,18627.82,2022
SELL,2022-07-05 10:00:00,1807.91,1809.83,1805.99,1.92,558.83,-0.0867,0.514,1805.99,2022-07-05 10:15:00,TP,558.83,19186.65,2022
SELL,2022-07-06 15:15:00,1760.19,1764.87,1755.51,4.68,575.6,-2.3582,-2.198,1764.87,2022-07-06 15:45:00,SL,-575.6,18611.05,2022
SELL,2022-07-07 15:15:00,1741.37,1745.95,1736.79,4.58,558.33,-0.1451,-0.0696,1745.95,2022-07-07 16:30:00,SL,-558.33,18052.72,2022
SELL,2022-07-07 22:00:00,1739.51,1741.09,1737.93,1.58,541.58,-1.0967,-0.9382,1741.09,2022-07-07 22:30:00,SL,-541.58,17511.14,2022
BUY,2022-07-12 03:00:00,1735.51,1733.11,1737.91,2.4,525.33,-0.5496,-0.9007,1733.11,2022-07-12 03:30:00,SL,-525.33,16985.81,2022
SELL,2022-07-14 13:45:00,1711.07,1714.48,1707.66,3.41,509.57,-5.0806,-4.7559,1714.48,2022-07-14 14:15:00,SL,-509.57,16476.24,2022
SELL,2022-07-15 07:15:00,1708.03,1712.45,1703.61,4.42,494.29,-0.6853,0.1981,1703.61,2022-07-15 09:30:00,TP,494.29,16970.53,2022
BUY,2022-07-15 22:45:00,1705.57,1704.36,1706.78,1.21,509.12,-0.0662,-0.2004,1706.78,2022-07-15 23:45:00,TP,509.12,17479.65,2022
SELL,2022-07-27 06:45:00,1716.77,1717.94,1715.6,1.17,524.39,-0.4666,-0.4035,1715.6,2022-07-27 07:30:00,TP,524.39,18004.04,2022
SELL,2022-07-27 16:30:00,1715.38,1718.95,1711.81,3.57,540.12,-1.1419,0.0434,1711.81,2022-07-27 16:45:00,TP,540.12,18544.16,2022
BUY,2022-07-27 21:00:00,1724.15,1720.33,1727.97,3.82,556.32,1.2556,0.3591,1720.33,2022-07-27 21:30:00,SL,-556.32,17987.84,2022
BUY,2022-07-28 10:00:00,1743.77,1739.72,1747.82,4.05,539.64,2.4479,1.7903,1739.72,2022-07-28 10:30:00,SL,-539.64,17448.2,2022
SELL,2022-07-28 15:00:00,1738.65,1741.8,1735.5,3.15,523.45,-0.1865,0.8067,1741.8,2022-07-28 15:30:00,SL,-523.45,16924.75,2022
SELL,2022-08-01 07:30:00,1759.99,1762.51,1757.47,2.52,507.74,-0.7516,-0.2357,1762.51,2022-08-01 09:15:00,SL,-507.74,16417.01,2022
BUY,2022-08-02 14:00:00,1776.88,1773.49,1780.27,3.39,492.51,0.6736,0.1844,1780.27,2022-08-02 15:15:00,TP,492.51,16909.52,2022
SELL,2022-08-02 23:45:00,1761.04,1763.62,1758.46,2.58,507.29,-5.5353,-4.874,1758.46,2022-08-03 01:15:00,TP,507.29,17416.81,2022
BUY,2022-08-03 15:15:00,1768.39,1763.0,1773.78,5.39,522.5,-0.1915,-0.611,1763.0,2022-08-03 17:00:00,SL,-522.5,16894.31,2022
SELL,2022-08-05 10:30:00,1789.71,1792.4,1787.02,2.69,506.83,-0.2291,-0.0913,1787.02,2022-08-05 11:15:00,TP,506.83,17401.14,2022
BUY,2022-08-09 13:30:00,1794.39,1790.29,1798.49,4.1,522.03,2.3023,1.6206,1790.29,2022-08-09 14:45:00,SL,-522.03,16879.11,2022
SELL,2022-08-11 22:30:00,1786.84,1788.44,1785.24,1.6,506.37,-1.5331,-1.1581,1785.24,2022-08-11 22:45:00,TP,506.37,17385.48,2022
SELL,2022-08-12 05:15:00,1786.56,1788.44,1784.68,1.88,521.56,-0.659,-0.6493,1788.44,2022-08-12 05:45:00,SL,-521.56,16863.92,2022
BUY,2022-08-16 07:30:00,1781.63,1780.69,1782.57,0.94,505.92,0.8254,0.6996,1780.69,2022-08-16 08:15:00,SL,-505.92,16358.0,2022
SELL,2022-08-23 13:00:00,1736.02,1739.62,1732.42,3.6,490.74,0.5246,0.7775,1732.42,2022-08-23 15:30:00,TP,490.74,16848.74,2022
SELL,2022-08-31 10:00:00,1720.17,1723.03,1717.31,2.86,505.46,-0.8015,-0.2513,1717.31,2022-08-31 11:15:00,TP,505.46,17354.2,2022
BUY,2022-09-05 05:45:00,1711.21,1708.51,1713.91,2.7,520.63,-0.1094,-0.1821,1713.91,2022-09-05 07:15:00,TP,520.63,17874.83,2022
BUY,2022-09-12 14:30:00,1728.99,1726.01,1731.97,2.98,536.24,3.5414,3.4351,1731.97,2022-09-12 15:00:00,TP,536.24,18411.07,2022
SELL,2022-09-14 19:45:00,1701.28,1703.41,1699.15,2.13,552.33,-0.4546,-0.0146,1699.15,2022-09-14 20:00:00,TP,552.33,18963.4,2022
SELL,2022-09-15 07:15:00,1691.51,1693.29,1689.73,1.78,568.9,-2.0398,-1.8318,1689.73,2022-09-15 07:45:00,TP,568.9,19532.3,2022
SELL,2022-09-16 09:15:00,1660.63,1664.17,1657.09,3.54,585.97,-1.0097,-0.8548,1657.09,2022-09-16 10:45:00,TP,585.97,20118.27,2022
SELL,2022-09-22 14:00:00,1665.35,1669.9,1660.8,4.55,603.55,1.6553,1.9595,1669.9,2022-09-22 14:30:00,SL,-603.55,19514.72,2022
SELL,2022-09-26 14:00:00,1638.04,1641.23,1634.85,3.19,585.44,-0.6683,0.353,1641.23,2022-09-26 14:30:00,SL,-585.44,18929.28,2022
SELL,2022-09-28 10:00:00,1618.22,1623.83,1612.61,5.61,567.88,-2.2889,-1.8143,1623.83,2022-09-28 11:15:00,SL,-567.88,18361.4,2022
BUY,2022-09-30 02:45:00,1664.59,1660.41,1668.77,4.18,550.84,2.592,2.4513,1660.41,2022-09-30 05:15:00,SL,-550.84,17810.56,2022
SELL,2022-09-30 21:30:00,1662.32,1664.79,1659.85,2.47,534.32,-1.9097,-0.9653,1664.79,2022-10-03 01:00:00,SL,-534.32,17276.24,2022
BUY,2022-10-03 15:15:00,1668.72,1663.89,1673.55,4.83,518.29,1.0274,0.274,1673.55,2022-10-03 16:15:00,TP,518.29,17794.53,2022
SELL,2022-10-07 13:00:00,1709.2,1713.09,1705.31,3.89,533.84,0.1149,0.2346,1713.09,2022-10-07 15:30:00,SL,-533.84,17260.69,2022
SELL,2022-10-10 12:15:00,1680.03,1684.54,1675.52,4.51,517.82,-3.8101,-3.591,1675.52,2022-10-10 14:30:00,TP,517.82,17778.51,2022
BUY,2022-10-11 16:30:00,1671.61,1666.75,1676.47,4.86,533.36,1.8096,1.2952,1666.75,2022-10-11 17:00:00,SL,-533.36,17245.15,2022
SELL,2022-10-14 19:00:00,1642.99,1648.9,1637.08,5.91,517.35,-5.4524,-4.6013,1648.9,2022-10-17 03:45:00,SL,-517.35,16727.8,2022
BUY,2022-10-18 15:00:00,1654.97,1652.11,1657.83,2.86,501.83,-0.1817,-0.5541,1652.11,2022-10-18 16:45:00,SL,-501.83,16225.97,2022
BUY,2022-10-19 01:45:00,1652.64,1652.13,1653.15,0.51,486.78,0.2502,-0.0802,1653.15,2022-10-19 02:00:00,TP,486.78,16712.75,2022
SELL,2022-10-20 04:45:00,1624.7,1627.09,1622.31,2.39,501.38,-1.6346,-1.4407,1627.09,2022-10-20 07:15:00,SL,-501.38,16211.37,2022
SELL,2022-10-20 10:00:00,1628.27,1630.79,1625.75,2.52,486.34,0.8136,1.0035,1630.79,2022-10-20 10:15:00,SL,-486.34,15725.03,2022
BUY,2022-10-25 03:00:00,1652.39,1650.84,1653.94,1.55,471.75,0.8372,0.5732,1653.94,2022-10-25 03:30:00,TP,471.75,16196.78,2022
SELL,2022-10-31 20:45:00,1634.65,1636.46,1632.84,1.81,485.9,-1.4686,-1.1275,1632.84,2022-10-31 21:15:00,TP,485.9,16682.68,2022
SELL,2022-11-03 11:00:00,1623.82,1628.26,1619.38,4.44,500.48,-4.6047,-3.4526,1619.38,2022-11-03 13:15:00,TP,500.48,17183.16,2022
BUY,2022-11-04 15:45:00,1667.45,1661.48,1673.42,5.97,515.49,7.1281,5.2022,1673.42,2022-11-04 16:30:00,TP,515.49,17698.65,2022
BUY,2022-11-08 13:00:00,1671.79,1669.93,1673.65,1.86,530.96,-0.1444,-0.6832,1673.65,2022-11-08 15:15:00,TP,530.96,18229.61,2022
SELL,2022-11-09 14:15:00,1707.6,1710.08,1705.12,2.48,546.89,-0.5921,-0.3371,1705.12,2022-11-09 15:15:00,TP,546.89,18776.5,2022
BUY,2022-11-15 20:15:00,1773.88,1768.37,1779.39,5.51,563.3,-1.0218,-1.365,1779.39,2022-11-15 20:30:00,TP,563.3,19339.8,2022
BUY,2022-11-16 01:00:00,1779.02,1777.47,1780.57,1.55,580.19,1.9605,1.6986,1780.57,2022-11-16 01:45:00,TP,580.19,19919.99,2022
SELL,2022-11-17 06:00:00,1763.07,1764.15,1761.99,1.08,597.6,-4.0872,-3.0773,1761.99,2022-11-17 07:00:00,TP,597.6,20517.59,2022
BUY,2022-11-22 13:15:00,1748.27,1745.79,1750.75,2.48,615.53,1.7743,1.5226,1745.79,2022-11-22 15:00:00,SL,-615.53,19902.06,2022
BUY,2022-11-23 21:00:00,1749.49,1742.62,1756.36,6.87,597.06,2.6963,2.0648,1756.36,2022-11-24 05:00:00,TP,597.06,20499.12,2022
SELL,2022-11-25 11:30:00,1750.51,1753.64,1747.38,3.13,614.97,-2.0025,-1.4788,1753.64,2022-11-25 12:15:00,SL,-614.97,19884.15,2022
SELL,2022-11-29 20:15:00,1750.14,1752.08,1748.2,1.94,596.52,-0.8862,-0.6159,1752.08,2022-11-29 21:00:00,SL,-596.52,19287.63,2022
BUY,2022-11-30 03:30:00,1753.93,1750.29,1757.57,3.64,578.63,0.2871,-0.4513,1757.57,2022-11-30 10:30:00,TP,578.63,19866.26,2022
BUY,2022-12-01 07:30:00,1782.03,1779.21,1784.85,2.82,595.99,4.09,3.9626,1779.21,2022-12-01 09:15:00,SL,-595.99,19270.27,2022
BUY,2022-12-09 02:45:00,1790.32,1788.44,1792.2,1.88,578.11,0.3915,0.3886,1792.2,2022-12-09 03:00:00,TP,578.11,19848.38,2022
SELL,2022-12-09 17:00:00,1793.86,1800.4,1787.32,6.54,595.45,0.7228,1.4756,1800.4,2022-12-09 18:15:00,SL,-595.45,19252.93,2022
SELL,2022-12-12 16:30:00,1786.42,1789.51,1783.33,3.09,577.59,-1.294,-0.3398,1789.51,2022-12-12 16:45:00,SL,-577.59,18675.34,2022
BUY,2022-12-13 09:00:00,1787.42,1785.27,1789.57,2.15,560.26,1.206,0.6705,1785.27,2022-12-13 10:15:00,SL,-560.26,18115.08,2022
SELL,2022-12-19 16:30:00,1790.51,1792.32,1788.7,1.81,543.45,-1.2442,-0.5557,1792.32,2022-12-19 16:45:00,SL,-543.45,17571.63,2022
SELL,2022-12-28 10:00:00,1806.32,1811.44,1801.2,5.12,527.15,-1.3782,-0.9774,1801.2,2022-12-28 11:00:00,TP,527.15,18098.78,2022
BUY,2022-12-29 01:00:00,1804.98,1803.78,1806.18,1.2,542.96,-0.0275,-0.0311,1806.18,2022-12-29 02:00:00,TP,542.96,18641.74,2022
SELL,2022-12-29 09:00:00,1806.57,1809.22,1803.92,2.65,559.25,0.5982,0.9403,1809.22,2022-12-29 10:00:00,SL,-559.25,18082.49,2022
SELL,2023-01-06 10:15:00,1837.67,1840.55,1834.79,2.88,542.47,0.5469,0.801,1834.79,2023-01-06 11:15:00,TP,542.47,18624.96,2023
SELL,2023-01-11 16:30:00,1874.41,1879.11,1869.71,4.7,558.75,-1.9177,-1.0278,1869.71,2023-01-11 17:30:00,TP,558.75,19183.71,2023
BUY,2023-01-12 01:00:00,1877.26,1874.63,1879.89,2.63,575.51,0.0729,0.0247,1879.89,2023-01-12 03:45:00,TP,575.51,19759.22,2023
BUY,2023-01-12 06:45:00,1884.44,1883.06,1885.82,1.38,592.78,2.4226,2.2138,1883.06,2023-01-12 08:15:00,SL,-592.78,19166.44,2023
SELL,2023-01-16 08:15:00,1916.63,1920.86,1912.4,4.23,574.99,-0.3515,1.1534,1912.4,2023-01-16 10:15:00,TP,574.99,19741.43,2023
BUY,2023-01-17 15:15:00,1911.76,1907.09,1916.43,4.67,592.24,0.2093,-0.4131,1916.43,2023-01-17 16:15:00,TP,592.24,20333.67,2023
SELL,2023-01-18 05:15:00,1902.18,1905.43,1898.93,3.25,610.01,-1.5401,-0.774,1898.93,2023-01-18 06:00:00,TP,610.01,20943.68,2023
BUY,2023-01-18 14:45:00,1917.37,1914.92,1919.82,2.45,628.31,3.6126,3.5206,1919.82,2023-01-18 15:30:00,TP,628.31,21571.99,2023
BUY,2023-01-19 05:30:00,1909.75,1906.74,1912.76,3.01,647.16,0.3608,-0.6628,1906.74,2023-01-19 09:15:00,SL,-647.16,20924.83,2023
SELL,2023-01-30 03:00:00,1925.6,1931.07,1920.13,5.47,627.74,-0.3835,-0.1429,1931.07,2023-01-30 06:15:00,SL,-627.74,20297.09,2023
SELL,2023-01-30 09:15:00,1928.67,1931.86,1925.48,3.19,608.91,0.8849,1.1675,1925.48,2023-01-30 09:30:00,TP,608.91,20906.0,2023
BUY,2023-01-30 15:15:00,1927.72,1924.78,1930.66,2.94,627.18,-0.3577,-0.766,1924.78,2023-01-30 16:45:00,SL,-627.18,20278.82,2023
BUY,2023-02-01 12:15:00,1925.89,1923.76,1928.02,2.13,608.36,-0.5048,-0.527,1928.02,2023-02-01 13:15:00,TP,608.36,20887.18,2023
SELL,2023-02-02 15:15:00,1951.94,1954.78,1949.1,2.84,626.62,-0.2467,0.4131,1949.1,2023-02-02 15:30:00,TP,626.62,21513.8,2023
BUY,2023-02-07 08:00:00,1875.23,1873.3,1877.16,1.93,645.41,1.6741,1.5575,1873.3,2023-02-07 09:00:00,SL,-645.41,20868.39,2023
BUY,2023-02-07 19:30:00,1877.72,1870.26,1885.18,7.46,626.05,1.7381,0.9994,1870.26,2023-02-07 20:30:00,SL,-626.05,20242.34,2023
BUY,2023-02-07 23:45:00,1873.63,1867.24,1880.02,6.39,607.27,-0.4183,-0.599,1880.02,2023-02-08 09:15:00,TP,607.27,20849.61,2023
SELL,2023-02-09 15:15:00,1879.83,1883.02,1876.64,3.19,625.49,0.2866,0.8745,1883.02,2023-02-09 15:30:00,SL,-625.49,20224.12,2023
SELL,2023-02-13 03:00:00,1861.45,1863.81,1859.09,2.36,606.72,-0.3238,0.0907,1859.09,2023-02-13 03:30:00,TP,606.72,20830.84,2023
SELL,2023-02-13 18:45:00,1851.27,1854.84,1847.7,3.57,624.93,-2.6611,-1.8945,1854.84,2023-02-13 20:30:00,SL,-624.93,20205.91,2023
BUY,2023-02-14 03:45:00,1856.61,1854.45,1858.77,2.16,606.18,0.5137,0.1457,1858.77,2023-02-14 06:45:00,TP,606.18,20812.09,2023
BUY,2023-02-16 18:15:00,1836.85,1832.41,1841.29,4.44,624.36,-1.389,-1.8376,1841.29,2023-02-16 18:45:00,TP,624.36,21436.45,2023
BUY,2023-02-20 09:00:00,1844.94,1842.89,1846.99,2.05,643.09,1.4483,1.3697,1846.99,2023-02-20 10:00:00,TP,643.09,22079.54,2023
BUY,2023-02-21 03:30:00,1842.68,1840.04,1845.32,2.64,662.39,-0.3972,-0.5918,1840.04,2023-02-21 05:00:00,SL,-662.39,21417.15,2023
SELL,2023-02-22 21:00:00,1828.69,1833.77,1823.61,5.08,642.51,-2.2217,-1.5955,1823.61,2023-02-22 22:00:00,TP,642.51,22059.66,2023
BUY,2023-02-24 02:30:00,1824.74,1822.92,1826.56,1.82,661.79,0.2319,-0.1472,1826.56,2023-02-24 02:45:00,TP,661.79,22721.45,2023
SELL,2023-02-24 09:15:00,1823.21,1826.33,1820.09,3.12,681.64,-0.1977,0.1622,1820.09,2023-02-24 10:00:00,TP,681.64,23403.09,2023
SELL,2023-02-24 15:30:00,1814.79,1818.37,1811.21,3.58,702.09,-2.8624,-2.1927,1811.21,2023-02-24 16:15:00,TP,702.09,24105.18,2023
BUY,2023-02-27 15:30:00,1813.06,1810.19,1815.93,2.87,723.16,0.6357,0.3967,1815.93,2023-02-27 15:45:00,TP,723.16,24828.34,2023
BUY,2023-02-27 16:45:00,1817.9,1814.6,1821.2,3.3,744.85,2.1228,1.2477,1814.6,2023-02-27 17:30:00,SL,-744.85,24083.49,2023
BUY,2023-03-02 18:30:00,1838.36,1835.97,1840.75,2.39,722.5,1.439,0.983,1835.97,2023-03-02 18:45:00,SL,-722.5,23360.99,2023
SELL,2023-03-08 15:15:00,1812.7,1815.26,1810.14,2.56,700.83,0.1713,0.4869,1815.26,2023-03-08 16:30:00,SL,-700.83,22660.16,2023
SELL,2023-03-08 22:00:00,1815.28,1816.4,1814.16,1.12,679.8,-0.2457,0.0359,1814.16,2023-03-08 22:30:00,TP,679.8,23339.96,2023
BUY,2023-03-09 09:15:00,1814.99,1812.79,1817.19,2.2,700.2,-0.0471,-0.0964,1817.19,2023-03-09 10:30:00,TP,700.2,24040.16,2023
BUY,2023-03-16 07:15:00,1915.67,1912.17,1919.17,3.5,721.2,-1.2141,-2.0029,1919.17,2023-03-16 07:30:00,TP,721.2,24761.36,2023
SELL,2023-03-21 19:00:00,1940.16,1944.89,1935.43,4.73,742.84,-8.8853,-8.1215,1944.89,2023-03-22 03:00:00,SL,-742.84,24018.52,2023
BUY,2023-03-23 20:30:00,2003.04,1998.53,2007.55,4.51,720.56,8.0903,6.4421,1998.53,2023-03-23 20:45:00,SL,-720.56,23297.96,2023
BUY,2023-03-24 06:45:00,1993.25,1991.16,1995.34,2.09,698.94,0.2503,0.1917,1991.16,2023-03-24 07:15:00,SL,-698.94,22599.02,2023
SELL,2023-03-28 10:30:00,1952.17,1956.92,1947.42,4.75,677.97,-1.768,-0.9457,1956.92,2023-03-28 13:15:00,SL,-677.97,21921.05,2023
BUY,2023-04-03 16:30:00,1980.04,1972.4,1987.68,7.64,657.63,6.3506,6.0612,1987.68,2023-04-03 17:15:00,TP,657.63,22578.68,2023
BUY,2023-04-04 09:30:00,1981.68,1977.01,1986.35,4.67,677.36,-0.7628,-1.1107,1986.35,2023-04-04 16:15:00,TP,677.36,23256.04,2023
BUY,2023-04-05 10:00:00,2026.47,2022.91,2030.03,3.56,697.68,1.7184,1.6292,2022.91,2023-04-05 12:00:00,SL,-697.68,22558.36,2023
SELL,2023-04-06 04:45:00,2012.72,2015.33,2010.11,2.61,676.75,-2.6552,-1.655,2010.11,2023-04-06 05:30:00,TP,676.75,23235.11,2023
SELL,2023-04-06 15:30:00,2013.96,2020.71,2007.21,6.75,697.05,0.3023,1.086,2007.21,2023-04-06 16:30:00,TP,697.05,23932.16,2023
BUY,2023-04-10 13:30:00,2001.99,1999.96,2004.02,2.03,717.96,1.8111,0.9508,1999.96,2023-04-10 15:00:00,SL,-717.96,23214.2,2023
BUY,2023-04-13 16:45:00,2046.53,2039.75,2053.31,6.78,696.43,7.6096,5.4826,2039.75,2023-04-13 17:30:00,SL,-696.43,22517.77,2023
BUY,2023-04-14 04:15:00,2045.39,2041.16,2049.62,4.23,675.53,1.5611,1.0831,2041.16,2023-04-14 08:30:00,SL,-675.53,21842.24,2023
SELL,2023-04-17 15:15:00,2007.74,2010.66,2004.82,2.92,655.27,0.0066,0.4005,2004.82,2023-04-17 15:30:00,TP,655.27,22497.51,2023
BUY,2023-04-19 02:45:00,2005.71,2004.88,2006.54,0.83,674.93,0.2473,0.2429,2006.54,2023-04-19 03:00:00,TP,674.93,23172.44,2023
SELL,2023-04-19 06:30:00,2003.1,2004.81,2001.39,1.71,695.17,-0.5432,-0.3119,2001.39,2023-04-19 08:30:00,TP,695.17,23867.61,2023
SELL,2023-04-25 14:30:00,1979.25,1982.89,1975.61,3.64,716.03,-4.3152,-3.014,1982.89,2023-04-25 15:15:00,SL,-716.03,23151.58,2023
SELL,2023-04-26 18:45:00,1991.42,1997.31,1985.53,5.89,694.55,-1.0561,0.3137,1985.53,2023-04-26 19:15:00,TP,694.55,23846.13,2023
SELL,2023-04-28 15:30:00,1979.79,1987.62,1971.96,7.83,715.38,-1.3794,-1.1097,1987.62,2023-04-28 16:15:00,SL,-715.38,23130.75,2023
BUY,2023-05-02 12:30:00,1984.79,1980.56,1989.02,4.23,693.92,-0.1025,-0.2767,1989.02,2023-05-02 14:00:00,TP,693.92,23824.67,2023
SELL,2023-05-05 10:00:00,2045.5,2047.45,2043.55,1.95,714.74,-1.005,-0.569,2043.55,2023-05-05 10:15:00,TP,714.74,24539.41,2023
SELL,2023-05-11 09:30:00,2029.42,2032.75,2026.09,3.33,736.18,-0.2836,-0.0512,2026.09,2023-05-11 10:00:00,TP,736.18,25275.59,2023
SELL,2023-05-18 10:45:00,1974.54,1979.42,1969.66,4.88,758.27,-2.158,-1.6698,1969.66,2023-05-18 15:30:00,TP,758.27,26033.86,2023
SELL,2023-05-19 15:15:00,1962.58,1964.89,1960.27,2.31,781.02,-0.1092,0.5276,1960.27,2023-05-19 16:30:00,TP,781.02,26814.88,2023
BUY,2023-05-19 20:15:00,1979.54,1977.28,1981.8,2.26,804.45,5.7818,3.9877,1981.8,2023-05-19 20:45:00,TP,804.45,27619.33,2023
BUY,2023-05-31 08:30:00,1961.66,1958.08,1965.24,3.58,828.58,0.8184,0.2538,1965.24,2023-05-31 08:45:00,TP,828.58,28447.91,2023
SELL,2023-06-01 07:30:00,1963.5,1965.05,1961.95,1.55,853.44,-0.3073,-0.1226,1965.05,2023-06-01 08:30:00,SL,-853.44,27594.47,2023
SELL,2023-06-06 16:30:00,1958.92,1964.75,1953.09,5.83,827.83,0.4206,0.9447,1964.75,2023-06-06 19:00:00,SL,-827.83,26766.64,2023
BUY,2023-06-08 19:00:00,1967.98,1965.46,1970.5,2.52,803.0,7.0106,6.8425,1965.46,2023-06-08 20:00:00,SL,-803.0,25963.64,2023
BUY,2023-06-12 08:00:00,1959.63,1956.6,1962.66,3.03,778.91,-0.5821,-1.1448,1962.66,2023-06-12 11:00:00,TP,778.91,26742.55,2023
BUY,2023-06-13 03:00:00,1960.58,1959.63,1961.53,0.95,802.28,1.1003,0.5569,1959.63,2023-06-13 03:30:00,SL,-802.28,25940.27,2023
SELL,2023-06-16 18:30:00,1957.44,1961.71,1953.17,4.27,778.21,-1.4351,-0.712,1953.17,2023-06-19 10:30:00,TP,778.21,26718.48,2023
SELL,2023-06-20 04:00:00,1950.02,1951.8,1948.24,1.78,801.55,-0.2546,-0.1608,1948.24,2023-06-20 04:15:00,TP,801.55,27520.03,2023
SELL,2023-06-21 16:30:00,1923.79,1930.09,1917.49,6.3,825.6,-2.9555,-1.7587,1930.09,2023-06-21 16:45:00,SL,-825.6,26694.43,2023
SELL,2023-06-22 09:45:00,1928.05,1931.44,1924.66,3.39,800.83,-1.2781,-1.0697,1931.44,2023-06-22 11:00:00,SL,-800.83,25893.6,2023
SELL,2023-06-22 17:45:00,1915.4,1920.43,1910.37,5.03,776.81,-4.0754,-3.0285,1910.37,2023-06-23 05:45:00,TP,776.81,26670.41,2023
SELL,2023-06-28 09:15:00,1913.06,1916.3,1909.82,3.24,800.11,-0.2088,-0.0294,1909.82,2023-06-28 09:30:00,TP,800.11,27470.52,2023
SELL,2023-07-05 21:00:00,1918.46,1921.3,1915.62,2.84,824.12,-2.5552,-1.9864,1915.62,2023-07-05 22:00:00,TP,824.12,28294.64,2023
BUY,2023-07-07 15:15:00,1921.67,1914.24,1929.1,7.43,848.84,1.9685,1.5218,1929.1,2023-07-07 17:15:00,TP,848.84,29143.48,2023
SELL,2023-07-11 16:30:00,1929.87,1933.59,1926.15,3.72,874.3,-0.4003,0.8469,1933.59,2023-07-11 16:45:00,SL,-874.3,28269.18,2023
SELL,2023-07-14 09:15:00,1957.54,1960.35,1954.73,2.81,848.08,-0.7035,-0.0542,1954.73,2023-07-14 10:30:00,TP,848.08,29117.26,2023
BUY,2023-07-19 16:30:00,1978.6,1975.55,1981.65,3.05,873.52,0.1811,-0.2495,1975.55,2023-07-19 17:00:00,SL,-873.52,28243.74,2023
SELL,2023-07-24 16:45:00,1959.43,1966.34,1952.52,6.91,847.31,-0.0053,1.0025,1952.52,2023-07-25 17:00:00,TP,847.31,29091.05,2023
SELL,2023-07-27 19:00:00,1944.59,1947.77,1941.41,3.18,872.73,-10.6981,-10.337,1947.77,2023-07-27 20:00:00,SL,-872.73,28218.32,2023
SELL,2023-07-28 10:15:00,1950.66,1953.4,1947.92,2.74,846.55,0.5126,0.9158,1947.92,2023-07-28 11:15:00,TP,846.55,29064.87,2023
SELL,2023-08-01 15:00:00,1953.11,1956.06,1950.16,2.95,871.95,-1.9078,-1.7391,1950.16,2023-08-01 15:30:00,TP,871.95,29936.82,2023
BUY,2023-08-03 13:15:00,1936.62,1934.96,1938.28,1.66,898.1,0.3171,0.1413,1934.96,2023-08-03 13:30:00,SL,-898.1,29038.72,2023
SELL,2023-08-07 05:00:00,1940.84,1942.91,1938.77,2.07,871.16,0.2081,0.8002,1938.77,2023-08-07 06:45:00,TP,871.16,29909.88,2023
BUY,2023-08-10 15:15:00,1924.03,1921.12,1926.94,2.91,897.3,1.5734,1.294,1926.94,2023-08-10 15:30:00,TP,897.3,30807.18,2023
SELL,2023-08-16 15:15:00,1901.9,1904.17,1899.63,2.27,924.22,-0.4668,0.2197,1904.17,2023-08-16 15:30:00,SL,-924.22,29882.96,2023
BUY,2023-08-21 08:00:00,1893.51,1892.43,1894.59,1.08,896.49,1.3196,0.8768,1892.43,2023-08-21 08:15:00,SL,-896.49,28986.47,2023
BUY,2023-08-21 15:30:00,1896.6,1892.8,1900.4,3.8,869.59,1.7037,0.5379,1892.8,2023-08-21 16:30:00,SL,-869.59,28116.88,2023
BUY,2023-08-23 09:15:00,1904.01,1902.25,1905.77,1.76,843.51,1.5605,1.4345,1902.25,2023-08-23 10:30:00,SL,-843.51,27273.37,2023
BUY,2023-08-23 15:15:00,1906.57,1902.68,1910.46,3.89,818.2,0.7463,0.5283,1910.46,2023-08-23 16:15:00,TP,818.2,28091.57,2023
BUY,2023-08-28 15:30:00,1916.65,1913.4,1919.9,3.25,842.75,0.001,-0.2309,1913.4,2023-08-28 16:30:00,SL,-842.75,27248.82,2023
SELL,2023-09-04 12:15:00,1942.44,1944.25,1940.63,1.81,817.46,-0.1112,0.2779,1940.63,2023-09-04 13:45:00,TP,817.46,28066.28,2023
BUY,2023-09-11 04:00:00,1920.66,1919.1,1922.22,1.56,841.99,-0.1909,-0.6649,1922.22,2023-09-11 04:30:00,TP,841.99,28908.27,2023
SELL,2023-09-11 14:30:00,1924.89,1926.57,1923.21,1.68,867.25,0.0956,0.5208,1926.57,2023-09-11 15:15:00,SL,-867.25,28041.02,2023
SELL,2023-09-11 21:30:00,1921.57,1922.93,1920.21,1.36,841.23,-1.1237,-0.9195,1922.93,2023-09-11 22:30:00,SL,-841.23,27199.79,2023
BUY,2023-09-12 04:00:00,1923.16,1921.12,1925.2,2.04,815.99,-0.4878,-0.6445,1921.12,2023-09-12 04:30:00,SL,-815.99,26383.8,2023
SELL,2023-09-13 04:15:00,1912.14,1913.85,1910.43,1.71,791.51,-0.2313,-0.1234,1910.43,2023-09-13 05:15:00,TP,791.51,27175.31,2023
BUY,2023-09-13 17:30:00,1914.04,1909.77,1918.31,4.27,815.26,0.5916,0.3882,1909.77,2023-09-13 18:45:00,SL,-815.26,26360.05,2023
SELL,2023-09-19 08:30:00,1930.51,1931.82,1929.2,1.31,790.8,-0.4934,-0.1372,1931.82,2023-09-19 10:00:00,SL,-790.8,25569.25,2023
BUY,2023-09-28 14:30:00,1876.55,1874.59,1878.51,1.96,767.08,0.0015,-0.1864,1874.59,2023-09-28 15:30:00,SL,-767.08,24802.17,2023
BUY,2023-10-04 13:45:00,1823.13,1821.11,1825.15,2.02,744.07,0.3282,0.1466,1825.15,2023-10-04 14:00:00,TP,744.07,25546.24,2023
BUY,2023-10-09 21:45:00,1857.1,1854.63,1859.57,2.47,766.39,2.3081,1.4917,1859.57,2023-10-09 22:00:00,TP,766.39,26312.63,2023
SELL,2023-10-11 07:15:00,1859.71,1860.67,1858.75,0.96,789.38,0.0498,0.3089,1858.75,2023-10-11 08:30:00,TP,789.38,27102.01,2023
BUY,2023-10-16 15:00:00,1916.95,1914.62,1919.28,2.33,813.06,0.0714,-0.527,1919.28,2023-10-16 15:15:00,TP,813.06,27915.07,2023
BUY,2023-10-18 03:00:00,1926.09,1923.82,1928.36,2.27,837.45,0.7646,0.4154,1928.36,2023-10-18 04:00:00,TP,837.45,28752.52,2023
BUY,2023-10-19 11:00:00,1953.36,1949.13,1957.59,4.23,862.58,0.9393,0.005,1949.13,2023-10-19 11:30:00,SL,-862.58,27889.94,2023
BUY,2023-10-23 08:30:00,1975.83,1972.74,1978.92,3.09,836.7,-0.2392,-1.2187,1978.92,2023-10-23 10:30:00,TP,836.7,28726.64,2023
SELL,2023-10-24 02:30:00,1972.29,1973.8,1970.78,1.51,861.8,-1.2277,-1.2197,1973.8,2023-10-24 03:00:00,SL,-861.8,27864.84,2023
SELL,2023-10-26 15:15:00,1983.52,1986.73,1980.31,3.21,835.95,-1.0509,0.0928,1980.31,2023-10-26 15:30:00,TP,835.95,28700.79,2023
SELL,2023-10-31 06:30:00,1990.85,1992.98,1988.72,2.13,861.02,-1.6407,-1.092,1992.98,2023-10-31 06:45:00,SL,-861.02,27839.77,2023
SELL,2023-11-06 01:00:00,1989.07,1992.86,1985.28,3.79,835.19,-0.1856,0.3969,1992.86,2023-11-06 03:30:00,SL,-835.19,27004.58,2023
SELL,2023-11-08 07:00:00,1967.25,1967.94,1966.56,0.69,810.14,-0.1503,0.1483,1966.56,2023-11-08 07:15:00,TP,810.14,27814.72,2023
SELL,2023-11-10 14:15:00,1946.81,1949.25,1944.37,2.44,834.44,-3.2547,-2.3917,1944.37,2023-11-10 14:30:00,TP,834.44,28649.16,2023
SELL,2023-11-24 10:00:00,1992.59,1994.3,1990.88,1.71,859.47,-0.0068,0.0839,1994.3,2023-11-24 11:15:00,SL,-859.47,27789.69,2023
BUY,2023-11-24 15:15:00,1997.91,1994.35,2001.47,3.56,833.69,1.0223,0.8498,2001.47,2023-11-24 15:30:00,TP,833.69,28623.38,2023
BUY,2023-11-24 20:30:00,2002.33,1999.82,2004.84,2.51,858.7,1.7369,1.6908,2004.84,2023-11-27 03:00:00,TP,858.7,29482.08,2023
BUY,2023-12-07 10:00:00,2030.9,2028.81,2032.99,2.09,884.46,0.9457,0.3775,2032.99,2023-12-07 10:15:00,TP,884.46,30366.54,2023
BUY,2023-12-07 15:30:00,2037.08,2029.91,2044.25,7.17,911.0,1.4794,1.2654,2029.91,2023-12-07 16:30:00,SL,-911.0,29455.54,2023
SELL,2023-12-08 01:00:00,2028.19,2028.94,2027.44,0.75,883.67,-0.4281,-0.273,2027.44,2023-12-08 01:15:00,TP,883.67,30339.21,2023
SELL,2023-12-11 19:45:00,1976.71,1980.27,1973.15,3.56,910.18,-5.6839,-4.9706,1980.27,2023-12-11 20:30:00,SL,-910.18,29429.03,2023
BUY,2023-12-12 07:30:00,1987.24,1984.81,1989.67,2.43,882.87,1.0669,0.7203,1984.81,2023-12-12 10:30:00,SL,-882.87,28546.16,2023
BUY,2024-01-05 01:00:00,2044.4,2042.98,2045.82,1.42,856.38,-0.1226,-0.245,2042.98,2024-01-05 01:15:00,SL,-856.38,27689.78,2024
SELL,2024-01-08 22:00:00,2026.44,2029.91,2022.97,3.47,830.69,-0.0847,0.2477,2029.91,2024-01-09 01:45:00,SL,-830.69,26859.09,2024
SELL,2024-01-10 21:00:00,2021.08,2023.93,2018.23,2.85,805.77,-3.1173,-2.6465,2023.93,2024-01-10 21:30:00,SL,-805.77,26053.32,2024
BUY,2024-01-19 15:00:00,2035.72,2032.51,2038.93,3.21,781.6,3.3033,2.9337,2038.93,2024-01-19 15:30:00,TP,781.6,26834.92,2024
SELL,2024-01-19 17:00:00,2024.53,2032.25,2016.81,7.72,805.05,0.4619,2.1529,2016.81,2024-01-22 16:30:00,TP,805.05,27639.97,2024
BUY,2024-01-24 15:15:00,2035.79,2032.0,2039.58,3.79,829.2,2.1847,1.9832,2032.0,2024-01-24 15:30:00,SL,-829.2,26810.77,2024
BUY,2024-01-29 15:15:00,2031.2,2027.61,2034.79,3.59,804.32,0.7284,0.5801,2034.79,2024-01-29 15:30:00,TP,804.32,27615.09,2024
BUY,2024-02-02 10:00:00,2056.52,2054.52,2058.52,2.0,828.45,0.6166,0.611,2054.52,2024-02-02 10:45:00,SL,-828.45,26786.64,2024
SELL,2024-02-02 15:15:00,2052.27,2057.73,2046.81,5.46,803.6,-0.0439,0.1501,2046.81,2024-02-02 15:30:00,TP,803.6,27590.24,2024
BUY,2024-02-07 16:30:00,2040.44,2032.66,2048.22,7.78,827.71,1.1446,0.3208,2032.66,2024-02-08 05:45:00,SL,-827.71,26762.53,2024
BUY,2024-02-08 20:00:00,2033.55,2031.02,2036.08,2.53,802.88,1.0509,0.2491,2031.02,2024-02-09 10:15:00,SL,-802.88,25959.65,2024
BUY,2024-02-15 15:30:00,2003.26,1995.57,2010.95,7.69,778.79,2.2747,1.7006,1995.57,2024-02-16 15:30:00,SL,-778.79,25180.86,2024
SELL,2024-02-23 10:00:00,2020.55,2022.67,2018.43,2.12,755.43,-1.5927,-1.3389,2018.43,2024-02-23 10:45:00,TP,755.43,25936.29,2024
SELL,2024-02-26 03:45:00,2031.31,2034.11,2028.51,2.8,778.09,-0.7848,-0.2258,2034.11,2024-02-26 07:45:00,SL,-778.09,25158.2,2024
BUY,2024-02-26 09:00:00,2034.11,2032.22,2036.0,1.89,754.75,0.2398,-0.0543,2036.0,2024-02-26 10:15:00,TP,754.75,25912.95,2024
BUY,2024-03-01 09:00:00,2048.46,2046.31,2050.61,2.15,777.39,1.0009,0.7052,2046.31,2024-03-01 09:30:00,SL,-777.39,25135.56,2024
BUY,2024-03-05 13:00:00,2126.77,2122.54,2131.0,4.23,754.07,3.9763,3.5216,2122.54,2024-03-05 14:15:00,SL,-754.07,24381.49,2024
BUY,2024-03-08 07:30:00,2158.09,2156.39,2159.79,1.7,731.44,-0.4081,-0.47,2156.39,2024-03-08 08:00:00,SL,-731.44,23650.05,2024
BUY,2024-03-13 14:00:00,2164.56,2162.21,2166.91,2.35,709.5,1.6989,1.0463,2162.21,2024-03-13 15:15:00,SL,-709.5,22940.55,2024
SELL,2024-03-14 05:15:00,2172.36,2174.04,2170.68,1.68,688.22,0.0165,0.5589,2170.68,2024-03-14 07:00:00,TP,688.22,23628.77,2024
BUY,2024-03-19 14:30:00,2157.9,2150.68,2165.12,7.22,708.86,-0.2627,-1.0059,2150.68,2024-03-19 15:45:00,SL,-708.86,22919.91,2024
SELL,2024-03-20 08:15:00,2156.58,2158.22,2154.94,1.64,687.6,-0.1203,0.2471,2158.22,2024-03-20 09:00:00,SL,-687.6,22232.31,2024
SELL,2024-03-20 14:00:00,2153.13,2155.24,2151.02,2.11,666.97,-1.3602,-1.2361,2151.02,2024-03-20 14:30:00,TP,666.97,22899.28,2024
SELL,2024-04-04 10:00:00,2294.71,2297.36,2292.06,2.65,686.98,-0.8724,-0.0486,2297.36,2024-04-04 10:30:00,SL,-686.98,22212.3,2024
BUY,2024-04-09 04:00:00,2343.26,2337.78,2348.74,5.48,666.37,2.2359,2.0344,2348.74,2024-04-09 10:00:00,TP,666.37,22878.67,2024
BUY,2024-04-18 09:45:00,2380.62,2376.59,2384.65,4.03,686.36,2.7307,1.93,2376.59,2024-04-18 10:30:00,SL,-686.36,22192.31,2024
BUY,2024-04-18 16:15:00,2390.88,2382.58,2399.18,8.3,665.77,3.3484,2.6462,2382.58,2024-04-18 16:30:00,SL,-665.77,21526.54,2024
SELL,2024-04-22 08:30:00,2361.46,2370.44,2352.48,8.98,645.8,-6.378,-5.9974,2352.48,2024-04-22 09:45:00,TP,645.8,22172.34,2024
BUY,2024-04-25 14:30:00,2330.36,2326.75,2333.97,3.61,665.17,3.2417,3.041,2326.75,2024-04-25 15:00:00,SL,-665.17,21507.17,2024
BUY,2024-04-26 10:15:00,2344.19,2338.1,2350.28,6.09,645.22,3.3716,2.5553,2350.28,2024-04-26 12:00:00,TP,645.22,22152.39,2024
SELL,2024-04-29 16:30:00,2330.84,2336.55,2325.13,5.71,664.57,-1.3308,0.2335,2336.55,2024-04-29 17:00:00,SL,-664.57,21487.82,2024
SELL,2024-04-29 23:45:00,2335.36,2337.03,2333.69,1.67,644.63,-1.0738,-0.1907,2333.69,2024-04-30 02:00:00,TP,644.63,22132.45,2024
SELL,2024-05-03 15:15:00,2295.18,2299.7,2290.66,4.52,663.97,-1.7503,-1.3072,2299.7,2024-05-03 15:30:00,SL,-663.97,21468.48,2024
SELL,2024-05-10 23:30:00,2361.49,2364.91,2358.07,3.42,644.05,-1.3604,-0.4745,2358.07,2024-05-13 04:15:00,TP,644.05,22112.53,2024
SELL,2024-05-13 09:00:00,2349.99,2354.37,2345.61,4.38,663.38,-3.4932,-2.9294,2345.61,2024-05-13 11:15:00,TP,663.38,22775.91,2024
BUY,2024-05-14 07:30:00,2344.7,2342.57,2346.83,2.13,683.28,2.0281,1.5435,2342.57,2024-05-14 09:00:00,SL,-683.28,22092.63,2024
SELL,2024-05-16 12:15:00,2384.35,2387.8,2380.9,3.45,662.78,-1.2756,-0.5901,2380.9,2024-05-16 15:30:00,TP,662.78,22755.41,2024
SELL,2024-05-23 20:15:00,2336.14,2342.97,2329.31,6.83,682.66,-8.7985,-7.8085,2329.31,2024-05-23 23:30:00,TP,682.66,23438.07,2024
SELL,2024-05-28 04:00:00,2350.07,2353.41,2346.73,3.34,703.14,0.0439,0.6005,2353.41,2024-05-28 04:30:00,SL,-703.14,22734.93,2024
SELL,2024-05-28 11:00:00,2340.8,2345.04,2336.56,4.24,682.05,-3.577,-2.6969,2345.04,2024-05-28 11:45:00,SL,-682.05,22052.88,2024
SELL,2024-05-29 04:30:00,2356.28,2359.53,2353.03,3.25,661.59,0.2967,1.0023,2359.53,2024-05-29 05:15:00,SL,-661.59,21391.29,2024
BUY,2024-06-03 16:00:00,2334.78,2330.84,2338.72,3.94,641.74,2.9887,2.2848,2330.84,2024-06-03 16:45:00,SL,-641.74,20749.55,2024
BUY,2024-06-04 09:00:00,2350.66,2347.25,2354.07,3.41,622.49,0.6555,0.3147,2347.25,2024-06-04 09:30:00,SL,-622.49,20127.06,2024
SELL,2024-06-06 13:30:00,2360.07,2361.95,2358.19,1.88,603.81,-1.5544,-0.9232,2361.95,2024-06-06 14:00:00,SL,-603.81,19523.25,2024
SELL,2024-06-17 10:30:00,2316.22,2320.17,2312.27,3.95,585.7,-3.255,-2.9338,2320.17,2024-06-17 11:15:00,SL,-585.7,18937.55,2024
BUY,2024-06-18 19:45:00,2330.29,2326.53,2334.05,3.76,568.13,4.7739,3.9359,2334.05,2024-06-19 11:00:00,TP,568.13,19505.68,2024
SELL,2024-06-26 08:30:00,2314.18,2318.2,2310.16,4.02,585.17,-1.4297,-1.0404,2310.16,2024-06-26 09:00:00,TP,585.17,20090.85,2024
BUY,2024-06-27 13:45:00,2315.19,2312.75,2317.63,2.44,602.73,5.3166,4.0952,2317.63,2024-06-27 14:30:00,TP,602.73,20693.58,2024
BUY,2024-06-27 15:30:00,2322.97,2316.09,2329.85,6.88,620.81,6.114,5.3254,2329.85,2024-06-27 17:00:00,TP,620.81,21314.39,2024
SELL,2024-07-01 01:00:00,2324.39,2327.58,2321.2,3.19,639.43,-1.6833,-1.6526,2327.58,2024-07-01 04:15:00,SL,-639.43,20674.96,2024
BUY,2024-07-03 01:00:00,2330.57,2328.99,2332.15,1.58,620.25,1.5055,1.0411,2332.15,2024-07-03 03:15:00,TP,620.25,21295.21,2024
SELL,2024-07-12 13:00:00,2402.08,2405.52,2398.64,3.44,638.86,-1.5216,-1.4604,2398.64,2024-07-12 14:00:00,TP,638.86,21934.07,2024
SELL,2024-07-17 17:45:00,2463.54,2472.61,2454.47,9.07,658.02,-0.5168,0.8399,2454.47,2024-07-17 19:15:00,TP,658.02,22592.09,2024
BUY,2024-07-18 08:00:00,2468.8,2464.85,2472.75,3.95,677.76,2.5518,2.1973,2464.85,2024-07-18 09:00:00,SL,-677.76,21914.33,2024
SELL,2024-07-18 15:30:00,2463.59,2468.73,2458.45,5.14,657.43,-0.8765,-0.7194,2458.45,2024-07-18 16:30:00,TP,657.43,22571.76,2024
BUY,2024-07-18 17:30:00,2466.79,2460.1,2473.48,6.69,677.15,-0.7925,-1.1308,2460.1,2024-07-18 19:00:00,SL,-677.15,21894.61,2024
SELL,2024-07-22 08:45:00,2402.86,2406.66,2399.06,3.8,656.84,-0.8214,-0.1913,2399.06,2024-07-22 09:15:00,TP,656.84,22551.45,2024
BUY,2024-07-24 04:00:00,2411.94,2407.53,2416.35,4.41,676.54,1.5827,1.4372,2407.53,2024-07-24 04:15:00,SL,-676.54,21874.91,2024
BUY,2024-08-08 06:30:00,2391.7,2388.58,2394.82,3.12,656.25,0.876,-0.1559,2394.82,2024-08-08 07:00:00,TP,656.25,22531.16,2024
BUY,2024-08-12 08:45:00,2434.56,2429.01,2440.11,5.55,675.93,1.7743,0.8345,2440.11,2024-08-12 10:30:00,TP,675.93,23207.09,2024
SELL,2024-08-13 23:30:00,2465.49,2467.72,2463.26,2.23,696.21,-0.5147,-0.1321,2463.26,2024-08-14 02:30:00,TP,696.21,23903.3,2024
BUY,2024-08-14 04:00:00,2468.27,2465.17,2471.37,3.1,717.1,-0.1073,-0.5799,2471.37,2024-08-14 04:15:00,TP,717.1,24620.4,2024
BUY,2024-08-16 10:30:00,2455.35,2451.05,2459.65,4.3,738.61,-0.3006,-0.4161,2459.65,2024-08-16 10:45:00,TP,738.61,25359.01,2024
BUY,2024-08-19 09:00:00,2503.76,2499.67,2507.85,4.09,760.77,0.5052,0.472,2499.67,2024-08-19 09:15:00,SL,-760.77,24598.24,2024
SELL,2024-08-21 08:45:00,2515.12,2518.33,2511.91,3.21,737.95,0.4293,0.5293,2511.91,2024-08-21 09:00:00,TP,737.95,25336.19,2024
SELL,2024-08-30 15:30:00,2517.06,2524.72,2509.4,7.66,760.09,0.1931,0.6811,2509.4,2024-08-30 17:15:00,TP,760.09,26096.28,2024
SELL,2024-09-17 07:30:00,2576.59,2579.07,2574.11,2.48,782.89,-1.7281,-0.9459,2579.07,2024-09-17 08:45:00,SL,-782.89,25313.39,2024
BUY,2024-09-23 16:45:00,2631.81,2625.86,2637.76,5.95,759.4,2.9093,1.3834,2625.86,2024-09-23 18:00:00,SL,-759.4,24553.99,2024
BUY,2024-09-25 14:30:00,2657.13,2653.83,2660.43,3.3,736.62,-0.3477,-0.6038,2660.43,2024-09-25 15:00:00,TP,736.62,25290.61,2024
BUY,2024-09-26 08:00:00,2661.87,2659.67,2664.07,2.2,758.72,0.9937,0.8076,2659.67,2024-09-26 09:00:00,SL,-758.72,24531.89,2024
SELL,2024-10-02 08:15:00,2649.3,2656.08,2642.52,6.78,735.96,-2.7013,-1.6609,2656.08,2024-10-02 16:15:00,SL,-735.96,23795.93,2024
BUY,2024-10-10 04:15:00,2610.72,2608.8,2612.64,1.92,713.88,-0.1341,-0.6883,2608.8,2024-10-10 04:30:00,SL,-713.88,23082.05,2024
BUY,2024-10-15 11:00:00,2654.58,2649.75,2659.41,4.83,692.46,1.5716,-0.2008,2649.75,2024-10-15 14:30:00,SL,-692.46,22389.59,2024
BUY,2024-10-17 04:30:00,2680.79,2676.51,2685.07,4.28,671.69,1.515,0.6366,2676.51,2024-10-17 06:30:00,SL,-671.69,21717.9,2024
BUY,2024-10-21 04:00:00,2728.3,2721.05,2735.55,7.25,651.54,2.6931,2.6384,2735.55,2024-10-21 12:15:00,TP,651.54,22369.44,2024
BUY,2024-10-22 20:30:00,2748.0,2743.61,2752.39,4.39,671.08,3.8198,2.8798,2743.61,2024-10-23 04:15:00,SL,-671.08,21698.36,2024
BUY,2024-10-28 07:15:00,2735.64,2731.15,2740.13,4.49,650.95,-0.9566,-1.6251,2740.13,2024-10-28 08:00:00,TP,650.95,22349.31,2024
SELL,2024-10-29 13:15:00,2747.92,2751.39,2744.45,3.47,670.48,-0.6382,0.2106,2751.39,2024-10-29 13:30:00,SL,-670.48,21678.83,2024
BUY,2024-10-29 15:00:00,2755.49,2748.23,2762.75,7.26,650.36,0.3069,-0.0084,2762.75,2024-10-29 15:45:00,TP,650.36,22329.19,2024
SELL,2024-10-30 13:45:00,2778.6,2782.06,2775.14,3.46,669.88,-0.1912,0.6855,2775.14,2024-10-30 14:15:00,TP,669.88,22999.07,2024
BUY,2024-11-05 22:45:00,2743.03,2740.34,2745.72,2.69,689.97,0.4675,0.3461,2745.72,2024-11-06 01:45:00,TP,689.97,23689.04,2024
BUY,2024-11-14 19:45:00,2572.93,2567.54,2578.32,5.39,710.67,5.8412,5.6774,2567.54,2024-11-14 20:15:00,SL,-710.67,22978.37,2024
BUY,2024-11-18 15:15:00,2599.12,2592.95,2605.29,6.17,689.35,3.665,3.182,2605.29,2024-11-18 16:00:00,TP,689.35,23667.72,2024
SELL,2024-11-19 16:45:00,2623.53,2630.95,2616.11,7.42,710.03,0.7045,2.8613,2630.95,2024-11-19 19:15:00,SL,-710.03,22957.69,2024
BUY,2024-11-21 09:15:00,2663.51,2660.07,2666.95,3.44,688.73,3.4046,2.8409,2666.95,2024-11-21 10:15:00,TP,688.73,23646.42,2024
BUY,2024-11-21 11:45:00,2668.83,2663.53,2674.13,5.3,709.39,4.5645,4.3193,2663.53,2024-11-21 14:45:00,SL,-709.39,22937.03,2024
BUY,2024-11-29 03:00:00,2641.4,2634.03,2648.77,7.37,688.11,-1.2274,-1.4431,2648.77,2024-11-29 04:00:00,TP,688.11,23625.14,2024
SELL,2024-12-02 01:00:00,2648.36,2652.69,2644.03,4.33,708.75,-3.342,-1.8288,2644.03,2024-12-02 01:15:00,TP,708.75,24333.89,2024
BUY,2024-12-04 04:45:00,2645.85,2642.88,2648.82,2.97,730.02,0.2888,-0.4708,2648.82,2024-12-04 07:00:00,TP,730.02,25063.91,2024
BUY,2024-12-10 19:30:00,2693.96,2690.17,2697.75,3.79,751.92,6.9316,6.6384,2697.75,2024-12-11 01:45:00,TP,751.92,25815.83,2024
BUY,2024-12-11 10:00:00,2692.07,2687.64,2696.5,4.43,774.47,-0.9721,-1.4399,2687.64,2024-12-11 11:00:00,SL,-774.47,25041.36,2024
BUY,2024-12-18 01:45:00,2647.44,2644.77,2650.11,2.67,751.24,1.1305,1.0777,2650.11,2024-12-18 02:45:00,TP,751.24,25792.6,2024
SELL,2024-12-18 05:15:00,2645.99,2648.84,2643.14,2.85,773.78,0.92,1.5648,2643.14,2024-12-18 06:00:00,TP,773.78,26566.38,2024
SELL,2024-12-19 16:30:00,2594.88,2600.77,2588.99,5.89,796.99,-6.9547,-4.0021,2588.99,2024-12-19 17:30:00,TP,796.99,27363.37,2024
SELL,2024-12-20 02:30:00,2592.11,2595.25,2588.97,3.14,820.9,-1.9798,-1.7237,2595.25,2024-12-20 03:00:00,SL,-820.9,26542.47,2024
SELL,2024-12-20 07:15:00,2596.76,2598.81,2594.71,2.05,796.27,0.3919,0.4868,2598.81,2024-12-20 07:30:00,SL,-796.27,25746.2,2024
BUY,2024-12-26 01:00:00,2617.72,2614.12,2621.32,3.6,772.39,0.9001,0.4804,2621.32,2024-12-26 02:30:00,TP,772.39,26518.59,2024
BUY,2024-12-31 20:15:00,2626.04,2622.73,2629.35,3.31,795.56,4.6275,4.5862,2622.73,2024-12-31 22:30:00,SL,-795.56,25723.03,2024
BUY,2025-01-02 03:00:00,2629.59,2623.8,2635.38,5.79,771.69,2.0541,1.7255,2635.38,2025-01-02 04:15:00,TP,771.69,26494.72,2025
BUY,2025-01-02 12:00:00,2638.97,2632.76,2645.18,6.21,794.84,2.3385,2.1809,2645.18,2025-01-02 12:15:00,TP,794.84,27289.56,2025
SELL,2025-01-09 03:00:00,2658.24,2661.33,2655.15,3.09,818.69,0.1939,0.8092,2661.33,2025-01-09 05:30:00,SL,-818.69,26470.87,2025
BUY,2025-01-16 11:00:00,2701.66,2697.51,2705.81,4.15,794.13,1.8264,1.0544,2705.81,2025-01-16 11:15:00,TP,794.13,27265.0,2025
SELL,2025-01-17 07:15:00,2713.81,2715.57,2712.05,1.76,817.95,0.0863,0.2814,2712.05,2025-01-17 07:30:00,TP,817.95,28082.95,2025
BUY,2025-01-17 16:30:00,2709.66,2702.69,2716.63,6.97,842.49,-0.8405,-1.1413,2716.63,2025-01-17 18:00:00,TP,842.49,28925.44,2025
BUY,2025-01-20 06:30:00,2705.84,2702.21,2709.47,3.63,867.76,1.0896,-0.9601,2709.47,2025-01-20 08:15:00,TP,867.76,29793.2,2025
SELL,2025-01-20 15:30:00,2704.1,2710.53,2697.67,6.43,893.8,0.7195,1.2727,2710.53,2025-01-20 16:00:00,SL,-893.8,28899.4,2025
BUY,2025-01-30 16:15:00,2786.85,2782.51,2791.19,4.34,866.98,5.6592,5.2921,2782.51,2025-01-30 16:30:00,SL,-866.98,28032.42,2025
BUY,2025-01-31 15:30:00,2807.14,2803.59,2810.69,3.55,840.97,4.1154,2.6948,2810.69,2025-01-31 16:45:00,TP,840.97,28873.39,2025
SELL,2025-01-31 21:30:00,2796.75,2802.86,2790.64,6.11,866.2,-1.598,0.4461,2802.86,2025-02-03 01:00:00,SL,-866.2,28007.19,2025
BUY,2025-02-03 12:30:00,2796.74,2793.01,2800.47,3.73,840.22,3.8616,3.5299,2800.47,2025-02-03 13:00:00,TP,840.22,28847.41,2025
SELL,2025-02-06 08:30:00,2867.5,2871.39,2863.61,3.89,865.42,0.0358,0.2247,2863.61,2025-02-06 08:45:00,TP,865.42,29712.83,2025
SELL,2025-02-11 23:45:00,2897.53,2899.75,2895.31,2.22,891.38,-2.1383,-1.677,2899.75,2025-02-12 01:15:00,SL,-891.38,28821.45,2025
SELL,2025-02-12 12:30:00,2880.94,2889.9,2871.98,8.96,864.64,-2.1263,-1.1215,2871.98,2025-02-12 15:30:00,TP,864.64,29686.09,2025
BUY,2025-02-14 07:30:00,2929.77,2926.74,2932.8,3.03,890.58,0.8311,0.7278,2932.8,2025-02-14 08:15:00,TP,890.58,30576.67,2025
BUY,2025-02-14 10:00:00,2936.18,2930.88,2941.48,5.3,917.3,2.6463,2.2398,2930.88,2025-02-14 13:45:00,SL,-917.3,29659.37,2025
SELL,2025-02-17 14:00:00,2897.36,2901.71,2893.01,4.35,889.78,0.571,1.199,2901.71,2025-02-17 16:45:00,SL,-889.78,28769.59,2025
SELL,2025-02-20 15:30:00,2939.9,2947.52,2932.28,7.62,863.09,-1.7554,0.2001,2932.28,2025-02-20 16:00:00,TP,863.09,29632.68,2025
SELL,2025-02-25 14:15:00,2934.41,2941.35,2927.47,6.94,888.98,-0.8499,-0.7583,2927.47,2025-02-25 14:30:00,TP,888.98,30521.66,2025
BUY,2025-02-26 22:15:00,2915.85,2912.05,2919.65,3.8,915.65,1.4616,1.4411,2919.65,2025-02-27 01:30:00,TP,915.65,31437.31,2025
SELL,2025-02-28 01:15:00,2875.04,2878.43,2871.65,3.39,943.12,-2.5498,-2.5078,2878.43,2025-02-28 02:15:00,SL,-943.12,30494.19,2025
SELL,2025-02-28 20:15:00,2839.39,2846.85,2831.93,7.46,914.83,-4.7146,-4.6782,2846.85,2025-02-28 20:30:00,SL,-914.83,29579.36,2025
SELL,2025-03-04 03:00:00,2884.43,2893.03,2875.83,8.6,887.38,1.7015,2.8927,2893.03,2025-03-04 07:15:00,SL,-887.38,28691.98,2025
BUY,2025-03-07 09:30:00,2914.97,2911.66,2918.28,3.31,860.76,2.0776,1.0827,2918.28,2025-03-07 10:00:00,TP,860.76,29552.74,2025
BUY,2025-03-10 00:00:00,2913.47,2910.48,2916.46,2.99,886.58,-0.6482,-2.0866,2910.48,2025-03-10 00:15:00,SL,-886.58,28666.16,2025
BUY,2025-03-13 17:45:00,2977.75,2969.32,2986.18,8.43,859.98,11.5764,7.6263,2986.18,2025-03-13 22:30:00,TP,859.98,29526.14,2025
SELL,2025-03-14 16:15:00,2983.2,2993.39,2973.01,10.19,885.78,-1.1609,1.0973,2993.39,2025-03-17 01:15:00,SL,-885.78,28640.36,2025
BUY,2025-03-19 20:00:00,3038.59,3028.93,3048.25,9.66,859.21,0.0043,-0.5696,3048.25,2025-03-19 20:30:00,TP,859.21,29499.57,2025
BUY,2025-03-20 03:00:00,3054.7,3050.42,3058.98,4.28,884.99,5.1848,5.0456,3050.42,2025-03-20 03:45:00,SL,-884.99,28614.58,2025
SELL,2025-03-21 06:45:00,3029.81,3031.8,3027.82,1.99,858.44,-4.437,-3.8063,3027.82,2025-03-21 07:00:00,TP,858.44,29473.02,2025
BUY,2025-03-25 07:00:00,3018.54,3014.33,3022.75,4.21,884.19,1.8602,1.1144,3014.33,2025-03-25 09:15:00,SL,-884.19,28588.83,2025
SELL,2025-03-25 22:45:00,3019.81,3020.73,3018.89,0.92,857.66,-0.9842,-0.918,3020.73,2025-03-26 00:00:00,SL,-857.66,27731.17,2025
BUY,2025-03-26 14:30:00,3028.71,3025.21,3032.21,3.5,831.94,1.9025,1.3109,3025.21,2025-03-26 15:00:00,SL,-831.94,26899.23,2025
BUY,2025-03-28 05:15:00,3073.76,3069.97,3077.55,3.79,806.98,6.8873,6.1107,3069.97,2025-03-28 05:30:00,SL,-806.98,26092.25,2025
BUY,2025-03-31 22:45:00,3124.43,3120.9,3127.96,3.53,782.77,2.0714,1.4513,3120.9,2025-04-01 02:45:00,SL,-782.77,25309.48,2025
SELL,2025-04-01 14:15:00,3130.78,3135.79,3125.77,5.01,759.28,-0.7696,-0.701,3135.79,2025-04-01 16:00:00,SL,-759.28,24550.2,2025
SELL,2025-04-01 17:00:00,3125.45,3135.31,3115.59,9.86,736.51,-1.3161,-0.7755,3115.59,2025-04-01 18:45:00,TP,736.51,25286.71,2025
SELL,2025-04-08 17:45:00,3006.14,3018.06,2994.22,11.92,758.6,1.9181,2.6723,2994.22,2025-04-08 19:15:00,TP,758.6,26045.31,2025
BUY,2025-04-09 08:00:00,3015.74,3005.51,3025.97,10.23,781.36,8.7799,7.3843,3025.97,2025-04-09 09:15:00,TP,781.36,26826.67,2025
BUY,2025-04-11 12:30:00,3222.28,3212.07,3232.49,10.21,804.8,6.5169,5.5322,3232.49,2025-04-11 13:00:00,TP,804.8,27631.47,2025
SELL,2025-04-14 10:30:00,3228.18,3233.66,3222.7,5.48,828.94,0.1365,0.54,3222.7,2025-04-14 11:00:00,TP,828.94,28460.41,2025
BUY,2025-04-15 04:00:00,3217.57,3210.01,3225.13,7.56,853.81,1.1632,0.715,3225.13,2025-04-15 04:15:00,TP,853.81,29314.22,2025
BUY,2025-04-15 06:45:00,3228.29,3223.28,3233.3,5.01,879.43,5.1582,4.0736,3223.28,2025-04-15 08:30:00,SL,-879.43,28434.79,2025
BUY,2025-04-25 01:00:00,3353.72,3341.45,3365.99,12.27,853.04,6.4969,4.3891,3365.99,2025-04-25 01:30:00,TP,853.04,29287.83,2025
BUY,2025-05-05 11:15:00,3271.99,3263.08,3280.9,8.91,878.63,4.7811,3.9877,3280.9,2025-05-05 11:45:00,TP,878.63,30166.46,2025
SELL,2025-05-08 22:00:00,3303.66,3309.95,3297.37,6.29,904.99,-15.9686,-15.6076,3297.37,2025-05-08 22:15:00,TP,904.99,31071.45,2025
BUY,2025-05-15 13:00:00,3174.1,3164.2,3184.0,9.9,932.14,4.7032,-0.7294,3184.0,2025-05-15 15:15:00,TP,932.14,32003.59,2025
SELL,2025-05-16 05:30:00,3220.09,3227.44,3212.74,7.35,960.11,-1.4301,3.0431,3212.74,2025-05-16 06:00:00,TP,960.11,32963.7,2025
SELL,2025-05-19 20:30:00,3225.6,3233.19,3218.01,7.59,988.91,-1.9736,-1.2167,3233.19,2025-05-19 21:15:00,SL,-988.91,31974.79,2025
SELL,2025-05-26 12:15:00,3327.2,3336.12,3318.28,8.92,959.24,-5.686,-4.5415,3336.12,2025-05-26 16:00:00,SL,-959.24,31015.55,2025
BUY,2025-05-27 03:00:00,3349.41,3344.29,3354.53,5.12,930.47,3.7821,3.3309,3344.29,2025-05-27 03:15:00,SL,-930.47,30085.08,2025
BUY,2025-05-28 02:00:00,3306.9,3298.18,3315.62,8.72,902.55,1.6169,1.3195,3315.62,2025-05-28 03:30:00,TP,902.55,30987.63,2025
SELL,2025-05-28 16:00:00,3306.96,3316.28,3297.64,9.32,929.63,-0.6884,1.0686,3297.64,2025-05-28 18:00:00,TP,929.63,31917.26,2025
BUY,2025-05-29 14:15:00,3302.25,3295.42,3309.08,6.83,957.52,8.5208,5.8203,3309.08,2025-05-29 15:15:00,TP,957.52,32874.78,2025
BUY,2025-05-30 22:45:00,3294.86,3291.69,3298.03,3.17,986.24,0.7994,0.1055,3291.69,2025-05-30 23:15:00,SL,-986.24,31888.54,2025
SELL,2025-06-03 08:15:00,3359.07,3364.18,3353.96,5.11,956.66,-5.7717,-4.8479,3364.18,2025-06-03 08:45:00,SL,-956.66,30931.88,2025
BUY,2025-06-04 02:00:00,3360.36,3357.03,3363.69,3.33,927.96,1.9165,0.8159,3357.03,2025-06-04 02:30:00,SL,-927.96,30003.92,2025
SELL,2025-06-06 15:30:00,3353.14,3364.17,3342.11,11.03,900.12,-2.1672,-1.7243,3342.11,2025-06-06 17:00:00,TP,900.12,30904.04,2025
SELL,2025-06-10 01:00:00,3324.71,3327.44,3321.98,2.73,927.12,-0.1159,1.8934,3321.98,2025-06-10 01:45:00,TP,927.12,31831.16,2025
BUY,2025-06-11 07:00:00,3342.75,3336.88,3348.62,5.87,954.93,4.9046,3.7285,3336.88,2025-06-11 08:45:00,SL,-954.93,30876.23,2025
BUY,2025-06-11 11:30:00,3346.18,3342.53,3349.83,3.65,926.29,3.7703,2.9832,3342.53,2025-06-11 12:00:00,SL,-926.29,29949.94,2025
SELL,2025-06-13 19:00:00,3420.27,3428.26,3412.28,7.99,898.5,0.3654,2.9485,3428.26,2025-06-13 19:30:00,SL,-898.5,29051.44,2025
SELL,2025-06-16 08:30:00,3420.67,3430.38,3410.96,9.71,871.54,-5.1054,-2.8376,3410.96,2025-06-16 10:00:00,TP,871.54,29922.98,2025
BUY,2025-06-17 02:45:00,3402.88,3393.19,3412.57,9.69,897.69,-0.2474,-3.5479,3393.19,2025-06-17 03:45:00,SL,-897.69,29025.29,2025
SELL,2025-06-17 05:45:00,3390.0,3400.41,3379.59,10.41,870.76,0.1602,0.6113,3379.59,2025-06-17 06:15:00,TP,870.76,29896.05,2025
SELL,2025-06-18 04:30:00,3380.27,3388.68,3371.86,8.41,896.88,-1.1513,-0.2614,3371.86,2025-06-18 05:30:00,TP,896.88,30792.93,2025
SELL,2025-06-20 04:45:00,3356.48,3364.4,3348.56,7.92,923.79,-2.9541,-1.526,3348.56,2025-06-20 06:00:00,TP,923.79,31716.72,2025
BUY,2025-06-25 18:30:00,3326.02,3321.67,3330.37,4.35,951.5,-0.8657,-2.1765,3330.37,2025-06-25 19:30:00,TP,951.5,32668.22,2025
BUY,2025-07-02 03:00:00,3343.3,3334.89,3351.71,8.41,980.05,-0.1051,-0.5432,3334.89,2025-07-02 04:15:00,SL,-980.05,31688.17,2025
BUY,2025-07-02 15:15:00,3346.56,3337.75,3355.37,8.81,950.65,2.4169,2.0262,3337.75,2025-07-02 16:45:00,SL,-950.65,30737.52,2025
SELL,2025-07-07 07:15:00,3307.41,3312.3,3302.52,4.89,922.13,-7.4866,-7.2201,3312.3,2025-07-07 08:15:00,SL,-922.13,29815.39,2025
SELL,2025-07-09 07:45:00,3293.99,3296.38,3291.6,2.39,894.46,-3.6622,-3.5806,3296.38,2025-07-09 08:00:00,SL,-894.46,28920.93,2025
BUY,2025-07-09 20:00:00,3314.18,3309.79,3318.57,4.39,867.63,6.9423,6.3043,3309.79,2025-07-09 20:45:00,SL,-867.63,28053.3,2025
BUY,2025-07-16 07:15:00,3335.12,3332.83,3337.41,2.29,841.6,0.8554,-0.2344,3337.41,2025-07-16 07:30:00,TP,841.6,28894.9,2025
BUY,2025-07-17 19:15:00,3338.85,3335.51,3342.19,3.34,866.85,3.6579,0.9019,3342.19,2025-07-18 01:30:00,TP,866.85,29761.75,2025
SELL,2025-07-18 21:00:00,3350.48,3353.41,3347.55,2.93,892.85,-0.2356,0.6506,3347.55,2025-07-21 01:00:00,TP,892.85,30654.6,2025
SELL,2025-07-21 02:00:00,3346.15,3349.12,3343.18,2.97,919.64,-1.8743,-1.356,3349.12,2025-07-21 02:45:00,SL,-919.64,29734.96,2025
SELL,2025-07-28 15:00:00,3333.33,3338.36,3328.3,5.03,892.05,-0.9419,-0.5135,3328.3,2025-07-28 15:30:00,TP,892.05,30627.01,2025
BUY,2025-07-31 08:45:00,3299.68,3294.7,3304.66,4.98,918.81,3.3849,3.0087,3304.66,2025-07-31 09:30:00,TP,918.81,31545.82,2025
SELL,2025-08-05 07:45:00,3371.16,3373.11,3369.21,1.95,946.37,-1.6117,-0.6257,3369.21,2025-08-05 08:00:00,TP,946.37,32492.19,2025
SELL,2025-08-06 12:15:00,3364.51,3367.77,3361.25,3.26,974.77,-3.9991,-2.8817,3361.25,2025-08-06 12:45:00,TP,974.77,33466.96,2025
SELL,2025-08-11 06:30:00,3375.05,3380.14,3369.96,5.09,1004.01,-6.1155,-6.0945,3369.96,2025-08-11 09:15:00,TP,1004.01,34470.97,2025
BUY,2025-08-13 07:00:00,3351.74,3348.17,3355.31,3.57,1034.13,1.0114,0.7721,3348.17,2025-08-13 08:30:00,SL,-1034.13,33436.84,2025
SELL,2025-08-14 08:15:00,3359.15,3361.76,3356.54,2.61,1003.11,-0.779,0.033,3356.54,2025-08-14 08:30:00,TP,1003.11,34439.95,2025
BUY,2025-08-18 04:30:00,3344.18,3339.64,3348.72,4.54,1033.2,1.6961,-0.2406,3348.72,2025-08-18 06:45:00,TP,1033.2,35473.15,2025
BUY,2025-08-19 03:00:00,3336.23,3326.04,3346.42,10.19,1064.19,-0.9596,-1.5428,3326.04,2025-08-19 16:00:00,SL,-1064.19,34408.96,2025
BUY,2025-08-20 10:00:00,3326.0,3321.63,3330.37,4.37,1032.27,2.818,1.8075,3321.63,2025-08-20 11:15:00,SL,-1032.27,33376.69,2025
SELL,2025-08-29 08:00:00,3407.76,3409.54,3405.98,1.78,1001.3,-2.0336,-1.5134,3409.54,2025-08-29 08:30:00,SL,-1001.3,32375.39,2025
BUY,2025-09-01 08:15:00,3478.22,3474.45,3481.99,3.77,971.26,10.8688,10.6302,3481.99,2025-09-01 08:30:00,TP,971.26,33346.65,2025
BUY,2025-09-02 04:00:00,3488.94,3477.09,3500.79,11.85,1000.4,3.0197,2.0292,3500.79,2025-09-02 04:30:00,TP,1000.4,34347.05,2025
SELL,2025-09-05 10:00:00,3550.25,3554.31,3546.19,4.06,1030.41,0.403,1.797,3546.19,2025-09-05 11:15:00,TP,1030.41,35377.46,2025
BUY,2025-09-05 14:45:00,3553.23,3547.75,3558.71,5.48,1061.32,0.0354,-0.4218,3558.71,2025-09-05 15:30:00,TP,1061.32,36438.78,2025
SELL,2025-09-09 21:30:00,3640.8,3645.06,3636.54,4.26,1093.16,-2.7639,-2.4101,3636.54,2025-09-09 22:00:00,TP,1093.16,37531.94,2025
SELL,2025-09-11 07:30:00,3631.71,3634.32,3629.1,2.61,1125.96,-4.2519,-3.2091,3629.1,2025-09-11 08:30:00,TP,1125.96,38657.9,2025
SELL,2025-09-11 11:45:00,3626.2,3630.5,3621.9,4.3,1159.74,-3.6746,-3.6377,3621.9,2025-09-11 12:00:00,TP,1159.74,39817.64,2025
SELL,2025-09-12 11:45:00,3641.08,3646.12,3636.04,5.04,1194.53,-0.6185,1.7086,3646.12,2025-09-12 12:15:00,SL,-1194.53,38623.11,2025
BUY,2025-09-15 11:45:00,3645.58,3640.9,3650.26,4.68,1158.69,0.2401,-0.2826,3640.9,2025-09-15 12:15:00,SL,-1158.69,37464.42,2025
BUY,2025-09-16 11:00:00,3695.89,3686.14,3705.64,9.75,1123.93,4.4196,3.5993,3686.14,2025-09-16 16:00:00,SL,-1123.93,36340.49,2025
BUY,2025-09-19 12:45:00,3658.54,3655.63,3661.45,2.91,1090.21,2.6952,2.0864,3655.63,2025-09-19 13:30:00,SL,-1090.21,35250.28,2025
BUY,2025-09-22 09:00:00,3700.59,3695.62,3705.56,4.97,1057.51,4.6603,4.0348,3705.56,2025-09-22 09:15:00,TP,1057.51,36307.79,2025
BUY,2025-09-22 11:00:00,3717.26,3712.46,3722.06,4.8,1089.23,10.0779,8.3888,3722.06,2025-09-22 11:30:00,TP,1089.23,37397.02,2025
BUY,2025-09-23 04:00:00,3754.61,3745.74,3763.48,8.87,1121.91,4.6637,4.4869,3745.74,2025-09-23 05:00:00,SL,-1121.91,36275.11,2025
BUY,2025-09-26 09:00:00,3751.45,3741.41,3761.49,10.04,1088.25,1.3683,0.4676,3741.41,2025-09-26 10:00:00,SL,-1088.25,35186.86,2025
BUY,2025-09-29 03:00:00,3774.01,3764.08,3783.94,9.93,1055.61,0.1733,-0.0879,3783.94,2025-09-29 03:45:00,TP,1055.61,36242.47,2025
SELL,2025-10-02 03:45:00,3856.06,3861.37,3850.75,5.31,1087.27,-3.5008,-2.9048,3861.37,2025-10-02 04:15:00,SL,-1087.27,35155.2,2025
BUY,2025-10-02 05:00:00,3869.93,3861.67,3878.19,8.26,1054.66,-0.5363,-2.1349,3878.19,2025-10-02 11:45:00,TP,1054.66,36209.86,2025
BUY,2025-10-03 09:00:00,3859.19,3850.91,3867.47,8.28,1086.3,0.1779,-2.1088,3867.47,2025-10-03 13:45:00,TP,1086.3,37296.16,2025
BUY,2025-10-07 14:30:00,3966.02,3956.5,3975.54,9.52,1118.88,0.4303,-1.3775,3975.54,2025-10-07 15:45:00,TP,1118.88,38415.04,2025
BUY,2025-10-14 18:00:00,4141.22,4126.29,4156.15,14.93,1152.45,0.5257,-2.578,4156.15,2025-10-15 01:00:00,TP,1152.45,39567.49,2025
BUY,2025-10-15 03:00:00,4168.64,4158.27,4179.01,10.37,1187.02,9.5091,7.5579,4158.27,2025-10-15 03:15:00,SL,-1187.02,38380.47,2025
SELL,2025-10-15 20:00:00,4185.4,4199.76,4171.04,14.36,1151.41,-0.639,0.7489,4199.76,2025-10-15 21:00:00,SL,-1151.41,37229.06,2025
BUY,2025-10-16 05:30:00,4235.82,4226.11,4245.53,9.71,1116.87,10.7458,8.5963,4226.11,2025-10-16 08:00:00,SL,-1116.87,36112.19,2025
BUY,2025-10-17 03:30:00,4367.18,4353.66,4380.7,13.52,1083.37,30.2803,30.2299,4353.66,2025-10-17 04:00:00,SL,-1083.37,35028.82,2025
SELL,2025-10-22 10:45:00,4132.98,4147.99,4117.97,15.01,1050.86,8.3413,9.332,4117.97,2025-10-22 11:00:00,TP,1050.86,36079.68,2025
SELL,2025-10-30 15:15:00,3971.01,3985.5,3956.52,14.49,1082.39,3.2186,7.0327,3985.5,2025-10-30 16:45:00,SL,-1082.39,34997.29,2025
BUY,2025-11-04 10:15:00,3999.84,3990.76,4008.92,9.08,1049.92,1.1607,-2.161,3990.76,2025-11-04 11:45:00,SL,-1049.92,33947.37,2025
BUY,2025-11-06 08:45:00,3991.78,3982.34,4001.22,9.44,1018.42,3.417,3.396,4001.22,2025-11-06 09:15:00,TP,1018.42,34965.79,2025
BUY,2025-11-07 03:00:00,3998.81,3987.37,4010.25,11.44,1048.97,1.5665,-1.0413,3987.37,2025-11-07 06:00:00,SL,-1048.97,33916.82,2025
BUY,2025-11-10 01:00:00,4010.74,3997.98,4023.5,12.76,1017.5,0.98,0.8676,4023.5,2025-11-10 02:45:00,TP,1017.5,34934.32,2025
BUY,2025-11-11 04:30:00,4138.97,4129.71,4148.23,9.26,1048.03,11.7061,11.1634,4148.23,2025-11-11 06:00:00,TP,1048.03,35982.35,2025
BUY,2025-11-21 01:00:00,4085.13,4073.0,4097.26,12.13,1079.47,3.6977,2.4438,4073.0,2025-11-21 02:15:00,SL,-1079.47,34902.88,2025
SELL,2025-11-21 07:30:00,4048.78,4057.49,4040.07,8.71,1047.09,-7.7359,-6.682,4057.49,2025-11-21 07:45:00,SL,-1047.09,33855.79,2025
BUY,2025-11-26 02:45:00,4142.73,4134.67,4150.79,8.06,1015.67,1.3825,-0.2273,4150.79,2025-11-26 03:30:00,TP,1015.67,34871.46,2025
BUY,2025-11-28 01:00:00,4162.62,4157.34,4167.9,5.28,1046.14,1.2518,0.4951,4167.9,2025-11-28 02:00:00,TP,1046.14,35917.6,2025
SELL,2025-12-01 18:45:00,4226.25,4242.25,4210.25,16.0,1077.53,-5.3206,-3.6337,4242.25,2025-12-01 20:30:00,SL,-1077.53,34840.07,2025
BUY,2025-12-03 02:45:00,4211.75,4204.5,4219.0,7.25,1045.2,4.4224,4.1413,4219.0,2025-12-03 03:00:00,TP,1045.2,35885.27,2025
SELL,2025-12-03 12:00:00,4195.17,4202.59,4187.75,7.42,1076.56,-5.0486,-3.7271,4202.59,2025-12-03 12:15:00,SL,-1076.56,34808.71,2025
SELL,2025-12-04 07:30:00,4184.13,4199.14,4169.12,15.01,1044.26,-6.0294,-4.6588,4199.14,2025-12-04 11:45:00,SL,-1044.26,33764.45,2025
SELL,2025-12-05 20:15:00,4212.59,4219.2,4205.98,6.61,1012.93,-4.9808,-2.4794,4205.98,2025-12-05 21:00:00,TP,1012.93,34777.38,2025
BUY,2025-12-09 03:00:00,4196.06,4188.75,4203.37,7.31,1043.32,-0.0018,-0.821,4188.75,2025-12-09 04:30:00,SL,-1043.32,33734.06,2025
SELL,2025-12-09 06:30:00,4189.27,4195.67,4182.87,6.4,1012.02,0.0379,0.2394,4182.87,2025-12-09 07:30:00,TP,1012.02,34746.08,2025
SELL,2025-12-15 15:45:00,4332.15,4344.45,4319.85,12.3,1042.38,0.4273,2.6091,4319.85,2025-12-15 16:45:00,TP,1042.38,35788.46,2025
SELL,2025-12-16 07:00:00,4286.23,4292.34,4280.12,6.11,1073.65,-8.2932,-7.1466,4280.12,2025-12-16 07:15:00,TP,1073.65,36862.11,2025
BUY,2025-12-17 06:30:00,4329.63,4320.5,4338.76,9.13,1105.86,5.8997,4.9854,4338.76,2025-12-17 07:30:00,TP,1105.86,37967.97,2025
BUY,2025-12-17 15:00:00,4323.34,4315.15,4331.53,8.19,1139.04,-0.4927,-1.1148,4331.53,2025-12-17 15:15:00,TP,1139.04,39107.01,2025
SELL,2025-12-18 15:00:00,4316.58,4324.2,4308.96,7.62,1173.21,-3.9209,-3.1111,4324.2,2025-12-18 15:30:00,SL,-1173.21,37933.8,2025
BUY,2025-12-23 10:30:00,4491.9,4484.95,4498.85,6.95,1138.01,6.2183,5.892,4484.95,2025-12-23 11:00:00,SL,-1138.01,36795.79,2025
SELL,2025-12-24 07:45:00,4488.42,4497.1,4479.74,8.68,1103.87,-1.75,0.1574,4497.1,2025-12-24 08:30:00,SL,-1103.87,35691.92,2025
SELL,2025-12-30 23:45:00,4338.05,4349.59,4326.51,11.54,1070.76,-11.0496,-9.035,4349.59,2025-12-31 03:00:00,SL,-1070.76,34621.16,2025
